-- Nettoyage des tables

-- 1. Insertion des Clubs
INSERT INTO Club (numClub, nomClub, adresse, numTel, nbAdherents, ville, departement, region) VALUES
(2000, 'Club Lacombe', '81, chemin Lefebvre', '0829247124', 116, 'Saint Lucas-les-Bains', '48', 'Centre-Val de Loire'),
(2001, 'Club Lemaître', '87, rue Michel Chrétien', '0646595641', 245, 'Aubertboeuf', '25', 'Occitanie'),
(2002, 'Club Vincent SARL', '44, boulevard Martin', '0516792930', 445, 'BriandVille', '94', 'Martinique'),
(2003, 'Club Collet', 'avenue de Leconte', '0939955804', 112, 'Albert-la-Forêt', '81', 'Guyane'),
(2004, 'Club Hernandez', '93, rue de Pichon', '0510883258', 414, 'Hervé', '12', 'Bourgogne-Franche-Comté'),
(2005, 'Club Maillard SA', '87, avenue de Guillot', '0907977687', 483, 'Bodin-sur-Fontaine', '93', 'Centre-Val de Loire'),
(2006, 'Club Delattre', '70, avenue Paris', '0978646900', 320, 'Martineznec', '13', 'Normandie'),
(2007, 'Club Perrier', '749, chemin Lefebvre', '0302662751', 115, 'Bruneau-la-Forêt', '35', 'Bourgogne-Franche-Comté'),
(2008, 'Club Pages Bruneau et Fils', '851, chemin Moreau', '0210368034', 142, 'Gosselin', '93', 'Nouvelle-Aquitaine'),
(2009, 'Club Giraud Valette S.A.S.', '877, chemin Georges Dubois', '0827368910', 92, 'Hoareau-sur-Charpentier', '52', 'Hauts-de-France'),
(2010, 'Club Schneider Bazin SA', '1, chemin Renée Diaz', '0314233915', 494, 'Mercier', '33', 'Hauts-de-France'),
(2011, 'Club Briand Dupuy et Fils', '25, rue Lesage', '0904263332', 467, 'Roussel-la-Forêt', '76', 'Guadeloupe'),
(2012, 'Club Schneider', 'rue Pinto', '0380332140', 490, 'Sainte Andrée', '68', 'Corse'),
(2013, 'Club Joseph Jacques S.A.S.', '69, boulevard Emmanuelle Vasseur', '0400732200', 108, 'Pierre-les-Bains', '77', 'Guadeloupe'),
(2014, 'Club Léger', 'boulevard Raymond Colas', '0919888714', 348, 'Humbert', '95', 'Centre-Val de Loire'),
(2015, 'Club Thierry Chauveau S.A.', '67, rue de Pineau', '0857345694', 490, 'Simon', '23', 'Mayotte'),
(2016, 'Club Monnier', 'chemin de Samson', '0539164997', 78, 'Prévost-sur-Martineau', '16', 'Mayotte'),
(2017, 'Club Blanc', '983, rue de Petit', '0521705429', 141, 'Arnaud-sur-Fernandes', '41', 'Provence Alpes Côte dAzur'),
(2018, 'Club Lacombe', '5, rue de Vallet', '0706986499', 371, 'FabreVille', '95', 'Mayotte'),
(2019, 'Club Perrin S.A.R.L.', '395, rue Techer', '0522058794', 298, 'MaréchalVille', '48', 'Bretagne'),
(2020, 'Club Adam', '3, rue Michelle Gérard', '0254725437', 132, 'Salmon', '94', 'Corse'),
(2021, 'Club Peron Lacombe S.A.S.', '1, boulevard de Lacroix', '0460810211', 305, 'Saint Clémence', '68', 'Hauts-de-France'),
(2022, 'Club Morel', 'chemin de Lamy', '0559564581', 192, 'Renard', '43', 'Bourgogne-Franche-Comté'),
(2023, 'Club Ollivier', 'boulevard Barbe', '0428944913', 129, 'Andre-la-Forêt', '87', 'Mayotte'),
(2024, 'Club Chrétien', '76, avenue Ramos', '0701515775', 103, 'Letellier', '02', 'Occitanie'),
(2025, 'Club Hamel', '8, rue Benjamin De Sousa', '0988938107', 194, 'RollandVille', '59', 'La Réunion'),
(2026, 'Club Guyot S.A.', '6, boulevard Prévost', '0588408486', 114, 'Dupuy', '07', 'Bretagne'),
(2027, 'Club Neveu', '37, rue de Grondin', '0206930592', 266, 'Renaud', '53', 'Hauts-de-France'),
(2028, 'Club Besnard Laporte SARL', '3, rue Paul Garnier', '0553312278', 26, 'Ferreira-sur-Perrier', '16', 'Bretagne'),
(2029, 'Club Weiss Dijoux S.A.S.', '21, chemin Maurice', '0369450188', 329, 'Riou', '21', 'Grand Est'),
(2030, 'Club Collet Joubert S.A.', '458, avenue Philippe Rolland', '0150094168', 27, 'Delmas', '75', 'Normandie'),
(2031, 'Club Gaudin', '8, rue de Lucas', '0992392892', 454, 'Saint Robert-la-Forêt', '20', 'Corse'),
(2032, 'Club Mathieu', '498, avenue de Peron', '0476276399', 309, 'Aubert', '92', 'Hauts-de-France'),
(2033, 'Club Chauvin', 'boulevard de Joseph', '0220287288', 269, 'Sainte Danielle', '50', 'Auvergne-Rhône-Alpes'),
(2034, 'Club Godard', 'avenue Pottier', '0474289122', 253, 'Sainte Anastasie', '04', 'Auvergne-Rhône-Alpes'),
(2035, 'Club Bodin Techer SA', '69, boulevard Joly', '0753684290', 103, 'Lévêquenec', '45', 'Hauts-de-France'),
(2036, 'Club Bigot', '420, rue Guillot', '0150898755', 213, 'Boyer-sur-Delahaye', '12', 'Bourgogne-Franche-Comté'),
(2037, 'Club Boucher Laporte SA', '627, boulevard de Hoareau', '0979005338', 489, 'Gimenez-sur-Lopez', '37', 'Guyane'),
(2038, 'Club Bouchet', '92, chemin Guy Schneider', '0452303270', 388, 'Poirier', '74', 'Mayotte'),
(2039, 'Club Descamps Sauvage SA', '58, avenue Seguin', '0191317293', 307, 'Sainte PaulVille', '01', 'Occitanie'),
(2040, 'Club Tessier', '5, rue Matthieu Couturier', '0839884272', 353, 'Gérardnec', '95', 'Martinique'),
(2041, 'Club Lelièvre S.A.R.L.', '32, rue de Thierry', '0689151064', 436, 'Saint Gilbert-sur-Mer', '17', 'La Réunion'),
(2042, 'Club Guichard SARL', '53, avenue de Duhamel', '0909923046', 97, 'Saint Roger', '77', 'La Réunion'),
(2043, 'Club Toussaint SARL', '91, boulevard Rolland', '0321385903', 212, 'Jacobnec', '87', 'Hauts-de-France'),
(2044, 'Club Martineau', 'rue de Marie', '0116430933', 94, 'Gaudin', '50', 'Provence Alpes Côte dAzur'),
(2045, 'Club Lemonnier SA', '76, rue Millet', '0429785205', 330, 'Leleu', '13', 'Nouvelle-Aquitaine'),
(2046, 'Club Laine Guyon S.A.R.L.', 'chemin Delaunay', '0966527061', 161, 'Sainte Emmanuel', '30', 'Mayotte'),
(2047, 'Club Perrot Guillon S.A.R.L.', '82, chemin Gay', '0346990426', 172, 'Sainte Brigitteboeuf', '88', 'Bretagne'),
(2048, 'Club Roy', '7, chemin Susanne Gomes', '0494384034', 294, 'Seguin', '68', 'Guyane'),
(2049, 'Club Rodrigues', '1, chemin Anaïs Guillet', '0642149410', 365, 'Saint Éric', '32', 'Bretagne'),
(2050, 'Club Pasquier Costa SARL', '638, rue Collin', '0153426085', 119, 'Dupuis-les-Bains', '01', 'Bretagne'),
(2051, 'Club Rousset Loiseau et Fils', '98, avenue de Turpin', '0858259259', 425, 'Garnier', '55', 'Bretagne'),
(2052, 'Club Vaillant Raymond S.A.', '5, avenue Gauthier', '0263697229', 379, 'François', '82', 'Ile-de-France'),
(2053, 'Club Fontaine', '95, chemin Petit', '0742418814', 122, 'Arnaud', '18', 'Auvergne-Rhône-Alpes'),
(2054, 'Club Jacques', '99, avenue Benoît Legros', '0189849702', 211, 'RodriguesVille', '52', 'Nouvelle-Aquitaine'),
(2055, 'Club Schmitt', '663, chemin de Auger', '0498760313', 205, 'Bouvier-sur-Muller', '11', 'Bretagne'),
(2056, 'Club François et Fils', '653, rue Céline Morel', '0460796736', 68, 'Moreaunec', '16', 'Occitanie'),
(2057, 'Club Baudry', '85, rue de Paris', '0679310023', 465, 'PottierVille', '83', 'Guyane'),
(2058, 'Club Guillot', '695, rue Raymond Thibault', '0634304842', 470, 'Humbert', '24', 'Ile-de-France'),
(2059, 'Club Benard', '88, boulevard Juliette Chauveau', '0410115189', 303, 'Dias', '86', 'Nouvelle-Aquitaine'),
(2060, 'Club Costa S.A.S.', '899, rue de Normand', '0181397634', 288, 'Breton-sur-Jourdan', '72', 'Grand Est'),
(2061, 'Club Leclerc et Fils', 'rue Adrien Lelièvre', '0659519121', 112, 'Brun', '74', 'Pays de la Loire'),
(2062, 'Club Guillaume', '57, rue Antoine', '0849748041', 467, 'Thibault-les-Bains', '16', 'Mayotte'),
(2063, 'Club Mercier Lefort SA', '91, rue Salmon', '0815298894', 152, 'Seguindan', '86', 'Auvergne-Rhône-Alpes'),
(2064, 'Club Maréchal SARL', '95, rue Dorothée Fernandes', '0527746701', 165, 'Bruneau-la-Forêt', '27', 'Guyane'),
(2065, 'Club Bernard Tanguy SA', '609, chemin Maurice', '0247862347', 180, 'Raynaud', '87', 'Bretagne'),
(2066, 'Club Bouvier Navarro SARL', '22, rue Chauvet', '0552599747', 163, 'Salmon', '53', 'Martinique'),
(2067, 'Club Masse Reynaud SA', 'chemin de Morel', '0434212659', 413, 'Saint ZacharieVille', '55', 'La Réunion'),
(2068, 'Club Berthelot', '58, rue David Fournier', '0944085501', 168, 'Saint Jean', '87', 'Occitanie'),
(2069, 'Club Mace Fernandez SARL', '35, rue Thibaut Courtois', '0245457554', 325, 'Techer-la-Forêt', '20', 'Normandie'),
(2070, 'Club Fouquet', '65, boulevard Andrée Grenier', '0385062232', 358, 'Daniel', '46', 'Bourgogne-Franche-Comté'),
(2071, 'Club Diallo', '4, rue Aurore Daniel', '0401205459', 368, 'Renaud', '19', 'Auvergne-Rhône-Alpes'),
(2072, 'Club Baron', '2, boulevard Rodrigues', '0601096223', 57, 'Dupuis', '85', 'Bourgogne-Franche-Comté'),
(2073, 'Club Martin', '26, rue Martinez', '0959142854', 133, 'Carpentierdan', '05', 'Hauts-de-France'),
(2074, 'Club Lacombe', '75, avenue Margaux Grenier', '0663993652', 396, 'Sainte Anaïs', '08', 'Corse'),
(2075, 'Club Grégoire Payet SA', 'rue Martin Samson', '0561919154', 496, 'Martins', '48', 'Ile-de-France'),
(2076, 'Club Reynaud Meyer SA', '261, rue Coulon', '0586332400', 82, 'Toussaint', '26', 'Auvergne-Rhône-Alpes'),
(2077, 'Club Chevalier S.A.S.', '43, chemin Sabine Moulin', '0834084127', 397, 'Salmon', '90', 'Bourgogne-Franche-Comté'),
(2078, 'Club Da Costa', 'rue Prévost', '0325931435', 271, 'Blondel-sur-Mer', '29', 'Bourgogne-Franche-Comté'),
(2079, 'Club Costa', '587, avenue Lorraine Moreno', '0524451868', 57, 'Pineau', '25', 'Provence Alpes Côte dAzur'),
(2080, 'Club Lopez Schneider S.A.', '2, chemin de Gilles', '0607308412', 472, 'LefèvreVille', '68', 'Bourgogne-Franche-Comté'),
(2081, 'Club Bourdon Rivière S.A.S.', '518, rue de Martineau', '0777780611', 73, 'Bergernec', '03', 'Centre-Val de Loire'),
(2082, 'Club Thierry Cordier S.A.', 'avenue Lebreton', '0258271334', 275, 'Guyon-sur-Delorme', '30', 'Corse'),
(2083, 'Club Blanchard', '3, rue Inès Rossi', '0868568989', 208, 'Pierrenec', '55', 'Mayotte'),
(2084, 'Club Laurent Blanchet SARL', '29, boulevard de Pruvost', '0975864283', 488, 'Collin-la-Forêt', '38', 'Bretagne'),
(2085, 'Club Ferrand', '46, avenue Diane Raymond', '0664837950', 125, 'Jacob-sur-Mer', '72', 'Bourgogne-Franche-Comté'),
(2086, 'Club Masse S.A.', '3, chemin Élisabeth Collet', '0423061935', 269, 'Perrot', '58', 'Ile-de-France'),
(2087, 'Club Martel Dumont S.A.R.L.', '85, boulevard Claudine Ledoux', '0203209514', 242, 'Sainte Alexandre', '80', 'Hauts-de-France'),
(2088, 'Club Bouchet Masson S.A.S.', '654, avenue Dupré', '0712041043', 164, 'Guillaume', '29', 'Nouvelle-Aquitaine'),
(2089, 'Club Antoine S.A.R.L.', '933, boulevard de Lacombe', '0559379597', 45, 'Rousseau-sur-Lefebvre', '08', 'Pays de la Loire'),
(2090, 'Club Lombard', '7, chemin de Boyer', '0160546506', 422, 'LaunayVille', '88', 'Corse'),
(2091, 'Club Colas', '6, boulevard de Roy', '0587851721', 372, 'Deschamps', '34', 'Pays de la Loire'),
(2092, 'Club Charrier Gaillard S.A.R.L.', '9, boulevard Collet', '0753160844', 154, 'Sainte Antoinette', '22', 'Normandie'),
(2093, 'Club Ferreira', '5, rue de Jacques', '0887874386', 444, 'Evrarddan', '87', 'Bourgogne-Franche-Comté'),
(2094, 'Club Collin S.A.R.L.', '54, avenue Guillon', '0706273574', 297, 'Le Gallboeuf', '53', 'Corse'),
(2095, 'Club Peron Tessier S.A.R.L.', '102, rue Tanguy', '0937164760', 342, 'Thierry', '61', 'La Réunion'),
(2096, 'Club Ruiz', '58, avenue Bourgeois', '0559676479', 334, 'Sainte Suzannedan', '20', 'Martinique'),
(2097, 'Club Lefort SARL', '297, rue de Dos Santos', '0742082056', 58, 'MullerBourg', '57', 'Auvergne-Rhône-Alpes'),
(2098, 'Club Bourgeois Labbé S.A.S.', '9, rue Dupont', '0676907473', 467, 'Bonnin', '85', 'Grand Est'),
(2099, 'Club Aubert et Fils', '79, avenue Delahaye', '0857547457', 51, 'Maillard-les-Bains', '25', 'Guyane'),
(2100, 'Club Joly et Fils', '18, chemin de Dumont', '0791558717', 352, 'Saint Laure-sur-Mer', '65', 'Pays de la Loire'),
(2101, 'Club Mendès', 'boulevard Guilbert', '0573905670', 72, 'Didier', '10', 'Bourgogne-Franche-Comté'),
(2102, 'Club Hubert Le Roux S.A.', 'rue Laporte', '0638524545', 415, 'Saint Lucydan', '91', 'Martinique'),
(2103, 'Club Gomes', '90, chemin Laure Vincent', '0547017274', 319, 'Delaunay', '26', 'Normandie'),
(2104, 'Club Noël', 'avenue de Masson', '0273277125', 62, 'Maury-la-Forêt', '17', 'Auvergne-Rhône-Alpes'),
(2105, 'Club Deschamps', '97, rue Lemonnier', '0911318561', 453, 'Benard', '67', 'Guyane'),
(2106, 'Club Ramos Charles et Fils', 'rue Victor Hubert', '0613131976', 454, 'Saint Patricia', '85', 'Normandie'),
(2107, 'Club Andre S.A.', '511, boulevard de Robin', '0752781124', 431, 'Dumont', '74', 'Nouvelle-Aquitaine'),
(2108, 'Club Meyer', '3, boulevard Claude Deschamps', '0603399886', 48, 'Sainte Vincent', '61', 'Normandie'),
(2109, 'Club Charrier', '520, avenue de Jacquet', '0461040210', 303, 'Breton-sur-Fontaine', '19', 'Centre-Val de Loire'),
(2110, 'Club De Oliveira', '76, rue de Berthelot', '0970887489', 423, 'Lefèvre', '35', 'Corse'),
(2111, 'Club Guillon', '38, rue Marie Sauvage', '0925939542', 450, 'Saint Laetitia-la-Forêt', '68', 'La Réunion'),
(2112, 'Club Leduc', 'boulevard Amélie Huet', '0330233446', 300, 'Lenoirboeuf', '57', 'Normandie'),
(2113, 'Club Vidal Garnier et Fils', '51, chemin de Pierre', '0793387231', 90, 'Merle', '01', 'Guyane'),
(2114, 'Club Thomas S.A.', '93, boulevard Raymond', '0526381483', 58, 'Alves', '03', 'Guadeloupe'),
(2115, 'Club Fabre', '7, rue Le Gall', '0759290252', 373, 'Saint Michelle', '50', 'Auvergne-Rhône-Alpes'),
(2116, 'Club Bailly', '6, rue de Lambert', '0254714793', 328, 'Guichard-la-Forêt', '64', 'Martinique'),
(2117, 'Club Dupont', 'rue Zacharie Pons', '0950194790', 318, 'Marques-sur-Mer', '82', 'La Réunion'),
(2118, 'Club Boutin Wagner S.A.S.', '89, rue André Lecomte', '0972642488', 460, 'Dumas', '18', 'Centre-Val de Loire'),
(2119, 'Club Vaillant', '41, boulevard Catherine Coste', '0134743207', 78, 'Allard', '31', 'Provence Alpes Côte dAzur'),
(2120, 'Club Nicolas', '86, boulevard de Bouvet', '0442761375', 280, 'Munoz-la-Forêt', '08', 'Bourgogne-Franche-Comté'),
(2121, 'Club Fleury', 'avenue Imbert', '0942261755', 371, 'Sainte Thibaultnec', '25', 'Nouvelle-Aquitaine'),
(2122, 'Club Huet Laine et Fils', '24, boulevard de Maury', '0881485940', 72, 'Laurent', '62', 'Bourgogne-Franche-Comté'),
(2123, 'Club Chevalier', '86, rue Nathalie Colas', '0423436530', 458, 'Peltiernec', '75', 'Guadeloupe'),
(2124, 'Club Nguyen Lucas S.A.S.', '94, boulevard Eugène Lebon', '0223766284', 278, 'Barbier', '11', 'Mayotte'),
(2125, 'Club Dos Santos Fischer SA', '77, rue Alexandria Lopez', '0144469572', 453, 'Marin-les-Bains', '64', 'Provence Alpes Côte dAzur'),
(2126, 'Club Lagarde', '287, chemin de Brunel', '0402569451', 362, 'Mendèsboeuf', '80', 'Guyane'),
(2127, 'Club Hubert', '4, rue Faivre', '0217408893', 221, 'Jacquet', '45', 'Martinique'),
(2128, 'Club Schmitt', '321, rue Picard', '0100092719', 435, 'Saint Claudine', '28', 'Auvergne-Rhône-Alpes'),
(2129, 'Club Petitjean Barre S.A.S.', '2, rue de Legros', '0704810125', 229, 'Léger-sur-Mer', '03', 'Ile-de-France'),
(2130, 'Club Royer S.A.R.L.', '11, chemin Mallet', '0172939271', 279, 'Sainte Jacques', '58', 'Bretagne'),
(2131, 'Club Ollivier', '57, avenue Henry', '0431198816', 52, 'Sainte Philippe', '78', 'Guyane'),
(2132, 'Club Rolland Descamps S.A.S.', '63, chemin Blanchet', '0118225206', 82, 'Mary-sur-Marie', '26', 'Guadeloupe'),
(2133, 'Club Daniel', '94, chemin de Nguyen', '0159833561', 303, 'Jacques', '88', 'Mayotte'),
(2134, 'Club Michaud S.A.R.L.', '264, rue Louis Lamy', '0217832267', 23, 'Sainte MauriceBourg', '83', 'Pays de la Loire'),
(2135, 'Club Jacob SA', '744, chemin Nath Delannoy', '0882967344', 113, 'Fernandes', '69', 'Auvergne-Rhône-Alpes'),
(2136, 'Club David', '2, avenue de Legros', '0734888387', 253, 'Bouchet-sur-Besson', '84', 'Ile-de-France'),
(2137, 'Club Roussel', '8, avenue Berger', '0787323706', 182, 'Perretboeuf', '74', 'Provence Alpes Côte dAzur'),
(2138, 'Club Gosselin', '78, rue Christiane Fabre', '0485607828', 227, 'Pages', '68', 'Mayotte'),
(2139, 'Club Loiseau SA', '27, avenue de Dijoux', '0571940259', 126, 'Thierry', '03', 'Corse'),
(2140, 'Club Delmas SARL', '50, rue de Guillet', '0959345951', 316, 'Gallet-sur-Mer', '86', 'Mayotte'),
(2141, 'Club Collet Bonneau SARL', '39, rue Fabre', '0827458634', 314, 'Couturier-les-Bains', '39', 'La Réunion'),
(2142, 'Club Daniel', '44, rue Charrier', '0476120797', 147, 'Lelièvrenec', '29', 'Guyane'),
(2143, 'Club Michel Martins S.A.R.L.', '875, rue de Meyer', '0844400922', 143, 'RodriguesVille', '90', 'Bretagne'),
(2144, 'Club Grenier Bonnin S.A.S.', 'chemin François', '0315614352', 65, 'Potiernec', '51', 'Guyane'),
(2145, 'Club Vallet S.A.R.L.', '48, boulevard Charles Benard', '0960947180', 300, 'FernandesVille', '56', 'Auvergne-Rhône-Alpes'),
(2146, 'Club Hubert', 'boulevard de Boulanger', '0931398758', 73, 'Adam', '75', 'Provence Alpes Côte dAzur'),
(2147, 'Club Nicolas SARL', '86, avenue Raymond', '0233440313', 360, 'Colas', '81', 'Hauts-de-France'),
(2148, 'Club Jean SARL', 'boulevard de Reynaud', '0428143860', 377, 'Clerc', '81', 'Corse'),
(2149, 'Club Morel Legrand S.A.', 'chemin Céline Renard', '0930568260', 171, 'Lagarde', '23', 'Guyane'),
(2150, 'Club Fleury SA', '56, rue Blanc', '0308312139', 68, 'Antoine', '71', 'Centre-Val de Loire'),
(2151, 'Club Bernard', '52, chemin Lemoine', '0811423479', 143, 'LetellierVille', '12', 'Provence Alpes Côte dAzur'),
(2152, 'Club Leblanc', '77, boulevard Pereira', '0479876471', 241, 'Marchal-sur-Sauvage', '67', 'Guyane'),
(2153, 'Club Baudry', '56, avenue Susan Sanchez', '0686500424', 249, 'Fontainedan', '60', 'Provence Alpes Côte dAzur'),
(2154, 'Club Bonnet', '81, avenue Claude Lacroix', '0879072362', 46, 'Marie-sur-Mer', '75', 'Occitanie'),
(2155, 'Club Benoit Boulanger SA', '29, rue Renault', '0292217375', 157, 'Vallée', '06', 'Mayotte'),
(2156, 'Club Allain S.A.S.', '40, chemin Juliette Charrier', '0865866994', 403, 'Guyon', '54', 'Provence Alpes Côte dAzur'),
(2157, 'Club Mary', '2, boulevard Olivie Grenier', '0154284210', 89, 'Sainte Bernadettedan', '25', 'Nouvelle-Aquitaine'),
(2158, 'Club Olivier S.A.', '81, rue Michel Vasseur', '0721158106', 155, 'Chauvet', '21', 'Bretagne'),
(2159, 'Club Le Gall', '8, boulevard de Lebreton', '0411078632', 96, 'Julien', '19', 'Hauts-de-France'),
(2160, 'Club Hervé', '39, chemin Barbe', '0973080203', 222, 'Nguyendan', '48', 'Provence Alpes Côte dAzur'),
(2161, 'Club Blondel Brun S.A.S.', 'chemin de Lévêque', '0878436898', 268, 'Blanchet-sur-Mer', '73', 'Ile-de-France'),
(2162, 'Club Neveu', '12, avenue Marcelle Colas', '0741291588', 361, 'Toussaint', '21', 'Normandie'),
(2163, 'Club Dupont', '371, boulevard Adèle Letellier', '0906186445', 325, 'Garcia', '19', 'Auvergne-Rhône-Alpes'),
(2164, 'Club Barre', '46, boulevard Clément', '0197664602', 112, 'Sanchez-sur-Picard', '59', 'Centre-Val de Loire'),
(2165, 'Club Hoareau', 'rue Étienne Millet', '0472994870', 353, 'Clerc-sur-Pascal', '36', 'Provence Alpes Côte dAzur'),
(2166, 'Club Rodrigues', '644, rue de Dos Santos', '0499762707', 466, 'Normand', '90', 'Hauts-de-France'),
(2167, 'Club Couturier SA', '41, rue Martine Turpin', '0883319191', 492, 'Saint Stéphanie', '56', 'Nouvelle-Aquitaine'),
(2168, 'Club Merle Dumas S.A.R.L.', '89, avenue de Pascal', '0635756110', 340, 'Bruneau-sur-Meyer', '89', 'Guadeloupe'),
(2169, 'Club Delannoy Denis S.A.', '38, rue Andrée Bernier', '0758779122', 74, 'Rémy-les-Bains', '84', 'Guyane'),
(2170, 'Club Brunet S.A.R.L.', '15, chemin de Bonnin', '0669757874', 284, 'Faivre', '85', 'Guyane'),
(2171, 'Club François S.A.R.L.', '27, rue Alain Benoit', '0156271796', 77, 'Tessier', '80', 'Ile-de-France'),
(2172, 'Club Lefebvre', '3, boulevard Mendès', '0379090686', 269, 'Rousseau-les-Bains', '58', 'Nouvelle-Aquitaine'),
(2173, 'Club Leroy Letellier S.A.', '90, rue de Guillou', '0952780355', 40, 'Gomez', '62', 'Corse'),
(2174, 'Club Dufour S.A.R.L.', '266, rue Fernandes', '0157471238', 497, 'Sainte WilliamBourg', '19', 'Provence Alpes Côte dAzur'),
(2175, 'Club Lopes', '51, rue de Menard', '0747721982', 135, 'Gillet', '80', 'La Réunion'),
(2176, 'Club Grondin', '70, rue Noël Lévy', '0778665589', 397, 'Saint Mauricenec', '77', 'Bourgogne-Franche-Comté'),
(2177, 'Club Dumont Bertin et Fils', '43, avenue Édith Fouquet', '0861361892', 53, 'Techer', '26', 'Nouvelle-Aquitaine'),
(2178, 'Club Moreau', 'rue Leblanc', '0817439850', 123, 'Lemonnier-sur-François', '44', 'Provence Alpes Côte dAzur'),
(2179, 'Club Valentin', '325, chemin Denis', '0889619011', 361, 'DufourBourg', '34', 'Provence Alpes Côte dAzur'),
(2180, 'Club Toussaint', '55, chemin Marie Chevallier', '0616920711', 22, 'Hoareau-sur-Schneider', '90', 'Martinique'),
(2181, 'Club Bonneau S.A.R.L.', '2, boulevard de Morvan', '0442531572', 413, 'Da Silva-sur-Andre', '13', 'Nouvelle-Aquitaine'),
(2182, 'Club Vasseur Antoine S.A.', '76, rue Nicolas', '0188833281', 66, 'Coulon', '48', 'Pays de la Loire'),
(2183, 'Club Laurent S.A.R.L.', '43, rue Lenoir', '0755693039', 375, 'Saint Sophie-la-Forêt', '71', 'Mayotte'),
(2184, 'Club Jacquet', '7, rue de Hervé', '0486264169', 393, 'Bailly-les-Bains', '18', 'Mayotte'),
(2185, 'Club Pasquier S.A.R.L.', 'avenue Eugène Bruneau', '0552103096', 353, 'Julien', '48', 'Nouvelle-Aquitaine'),
(2186, 'Club Deschamps S.A.R.L.', 'boulevard Célina Roger', '0226902805', 118, 'Sainte ÉlodieBourg', '14', 'Nouvelle-Aquitaine'),
(2187, 'Club Foucher', '65, rue de Lebrun', '0927195777', 44, 'Humbert', '04', 'Corse'),
(2188, 'Club Bourdon', '838, chemin de Auger', '0321977590', 167, 'Bertin', '64', 'Grand Est'),
(2189, 'Club Chauvet SA', '84, rue de Blanc', '0465885437', 364, 'Lefebvre', '10', 'Guyane'),
(2190, 'Club Dumas S.A.R.L.', '929, rue de Leleu', '0810215250', 154, 'Mendès', '02', 'Corse'),
(2191, 'Club Payet S.A.', '449, chemin de Gimenez', '0525024134', 429, 'Munoz-sur-Mer', '05', 'La Réunion'),
(2192, 'Club Guillot', '94, boulevard Le Gall', '0448829718', 210, 'Perez', '76', 'Bretagne'),
(2193, 'Club Masson SARL', '286, chemin Martin', '0725072349', 481, 'Saint Astrid-sur-Mer', '33', 'Martinique'),
(2194, 'Club Fleury et Fils', '19, rue Carlier', '0825875436', 261, 'Sainte JulieVille', '92', 'Pays de la Loire'),
(2195, 'Club Guibert', 'boulevard Pénélope Bègue', '0575392556', 443, 'Wagner-sur-Dupont', '44', 'Martinique'),
(2196, 'Club Bonnin S.A.R.L.', '47, boulevard de Dupont', '0928940454', 404, 'Guichard', '33', 'Normandie'),
(2197, 'Club Hamon', 'rue de Guibert', '0491793493', 237, 'Munoz', '27', 'Corse'),
(2198, 'Club Merle', '75, avenue Marine Georges', '0111129039', 70, 'Gaudin', '45', 'Bretagne'),
(2199, 'Club Charles Poirier SA', '87, avenue Aimée Bodin', '0139390549', 43, 'Verdierboeuf', '06', 'Normandie');

-- 2. Insertion des Utilisateurs
INSERT INTO Utilisateur (numUtilisateur, numClub, nom, prenom, age, adresse, login, mdp) VALUES
(2000, 2106, 'Da Silva', 'Laurent', 34, '46, boulevard de Fleury', 'user2000', 'password123'),
(2001, 2047, 'Masse', 'Grégoire', 68, '51, avenue de Gimenez', 'user2001', 'password123'),
(2002, 2063, 'Verdier', 'Richard', 43, '70, rue Léger', 'user2002', 'password123'),
(2003, 2115, 'Gay', 'Astrid', 19, '71, chemin Célina Bonnet', 'user2003', 'password123'),
(2004, 2136, 'Guilbert', 'Arnaude', 68, '73, boulevard Gauthier', 'user2004', 'password123'),
(2005, 2069, 'Richard', 'Marcel', 50, 'chemin Thomas Samson', 'user2005', 'password123'),
(2006, 2003, 'Camus', 'Isabelle', 25, '6, chemin Normand', 'user2006', 'password123'),
(2007, 2017, 'Léger', 'Alix', 54, '57, rue Lévy', 'user2007', 'password123'),
(2008, 2108, 'Thibault', 'Émilie', 60, '78, rue de Fournier', 'user2008', 'password123'),
(2009, 2014, 'Leroux', 'Alfred', 61, 'chemin Torres', 'user2009', 'password123'),
(2010, 2195, 'Alexandre', 'Susanne', 47, '3, avenue Diaz', 'user2010', 'password123'),
(2011, 2026, 'Millet', 'Hortense', 62, '32, avenue Daniel Marchal', 'user2011', 'password123'),
(2012, 2166, 'Vasseur', 'Claudine', 53, '22, chemin François', 'user2012', 'password123'),
(2013, 2005, 'Rey', 'Valérie', 63, '36, chemin Caroline Marion', 'user2013', 'password123'),
(2014, 2120, 'Guichard', 'Benoît', 18, '96, rue Charlotte Da Costa', 'user2014', 'password123'),
(2015, 2026, 'Boyer', 'Yves', 47, '60, rue Baron', 'user2015', 'password123'),
(2016, 2076, 'Couturier', 'Thibault', 29, '9, rue Julie Hoarau', 'user2016', 'password123'),
(2017, 2171, 'Merle', 'Thérèse', 69, '939, chemin de Petit', 'user2017', 'password123'),
(2018, 2118, 'Vaillant', 'Gilbert', 20, '94, boulevard Thierry Baudry', 'user2018', 'password123'),
(2019, 2166, 'Maurice', 'Agathe', 20, '72, rue Masson', 'user2019', 'password123'),
(2020, 2173, 'Baron', 'Marianne', 67, '39, rue de Pineau', 'user2020', 'password123'),
(2021, 2039, 'Thierry', 'Yves', 70, 'avenue De Oliveira', 'user2021', 'password123'),
(2022, 2102, 'Lebon', 'Marine', 27, '34, rue Lucy Fabre', 'user2022', 'password123'),
(2023, 2189, 'Martineau', 'Yves', 68, '17, rue Adélaïde Clément', 'user2023', 'password123'),
(2024, 2095, 'Léger', 'Élodie', 59, '45, avenue de Pasquier', 'user2024', 'password123'),
(2025, 2049, 'Couturier', 'Julie', 40, '60, boulevard de Dumont', 'user2025', 'password123'),
(2026, 2063, 'Jourdan', 'Timothée', 67, '45, boulevard de Mallet', 'user2026', 'password123'),
(2027, 2024, 'Camus', 'Tristan', 42, '7, boulevard de Boulay', 'user2027', 'password123'),
(2028, 2162, 'Regnier', 'Rémy', 34, '6, avenue Hervé', 'user2028', 'password123'),
(2029, 2035, 'Guibert', 'Odette', 47, '14, chemin de Robert', 'user2029', 'password123'),
(2030, 2051, 'Delattre', 'Charlotte', 34, '54, rue Rolland', 'user2030', 'password123'),
(2031, 2085, 'Thibault', 'Claude', 39, '75, avenue Sabine Tanguy', 'user2031', 'password123'),
(2032, 2166, 'Peltier', 'Michelle', 27, '14, boulevard Jacquot', 'user2032', 'password123'),
(2033, 2156, 'Legrand', 'Gilbert', 43, '562, chemin Jeannine Vincent', 'user2033', 'password123'),
(2034, 2028, 'Langlois', 'Grégoire', 28, '84, chemin de Munoz', 'user2034', 'password123'),
(2035, 2089, 'Vaillant', 'Michelle', 61, '1, rue Louis', 'user2035', 'password123'),
(2036, 2084, 'Fleury', 'Charles', 57, 'chemin Fouquet', 'user2036', 'password123'),
(2037, 2052, 'Traore', 'Zoé', 69, '94, chemin Schmitt', 'user2037', 'password123'),
(2038, 2049, 'Dufour', 'Michel', 19, '95, avenue Letellier', 'user2038', 'password123'),
(2039, 2038, 'Bonneau', 'Alfred', 61, 'rue Gérard', 'user2039', 'password123'),
(2040, 2152, 'François', 'Théodore', 58, '202, avenue de Dupuis', 'user2040', 'password123'),
(2041, 2110, 'Delorme', 'Emmanuelle', 50, '366, avenue Turpin', 'user2041', 'password123'),
(2042, 2050, 'Lévêque', 'Susanne', 69, '86, chemin Anastasie Pottier', 'user2042', 'password123'),
(2043, 2159, 'Hubert', 'Nathalie', 58, '21, chemin Bernard', 'user2043', 'password123'),
(2044, 2016, 'Verdier', 'Lorraine', 59, '3, chemin de Loiseau', 'user2044', 'password123'),
(2045, 2144, 'Morel', 'Maryse', 18, '35, boulevard Bernard', 'user2045', 'password123'),
(2046, 2005, 'Michel', 'Jeannine', 19, '4, avenue de Delahaye', 'user2046', 'password123'),
(2047, 2125, 'De Sousa', 'Maryse', 49, '92, avenue de Fournier', 'user2047', 'password123'),
(2048, 2048, 'Deschamps', 'Aimée', 40, '433, chemin de Nguyen', 'user2048', 'password123'),
(2049, 2008, 'Hoareau', 'Claire', 48, '79, rue Thomas', 'user2049', 'password123'),
(2050, 2076, 'Delorme', 'Danielle', 39, '871, chemin Lebrun', 'user2050', 'password123'),
(2051, 2182, 'Bernier', 'Amélie', 62, '80, rue de Gallet', 'user2051', 'password123'),
(2052, 2039, 'Traore', 'Marine', 60, '8, rue de Ferreira', 'user2052', 'password123'),
(2053, 2052, 'Lenoir', 'Noémi', 25, '660, chemin Camille Lucas', 'user2053', 'password123'),
(2054, 2007, 'Marchand', 'Margaud', 21, '47, rue de Blot', 'user2054', 'password123'),
(2055, 2033, 'Gonzalez', 'Martin', 57, '31, rue de Marques', 'user2055', 'password123'),
(2056, 2081, 'Laroche', 'Thérèse', 27, '37, chemin Laure Torres', 'user2056', 'password123'),
(2057, 2067, 'Jacob', 'Pénélope', 53, 'avenue Duval', 'user2057', 'password123'),
(2058, 2009, 'Mallet', 'Nath', 38, 'avenue Martins', 'user2058', 'password123'),
(2059, 2197, 'Royer', 'Louise', 22, '67, rue de Torres', 'user2059', 'password123'),
(2060, 2035, 'Fournier', 'Alexandre', 34, '65, rue Patrick Leroux', 'user2060', 'password123'),
(2061, 2072, 'Maréchal', 'Anne', 23, '300, rue Daniel', 'user2061', 'password123'),
(2062, 2107, 'Auger', 'Marcelle', 38, '21, avenue Bourdon', 'user2062', 'password123'),
(2063, 2198, 'Jean', 'Pierre', 27, '55, chemin François Bernard', 'user2063', 'password123'),
(2064, 2117, 'Picard', 'Alix', 53, '69, rue Denise Ferreira', 'user2064', 'password123'),
(2065, 2069, 'Legrand', 'Aimé', 40, '78, rue Jacqueline Joly', 'user2065', 'password123'),
(2066, 2054, 'Baudry', 'Suzanne', 27, '351, boulevard de Moulin', 'user2066', 'password123'),
(2067, 2103, 'Barthelemy', 'Joseph', 44, '68, rue de Dupré', 'user2067', 'password123'),
(2068, 2062, 'Rémy', 'Lucy', 37, '9, rue Hervé', 'user2068', 'password123'),
(2069, 2196, 'Breton', 'Joséphine', 32, 'chemin de Legros', 'user2069', 'password123'),
(2070, 2199, 'Colin', 'Timothée', 28, '40, boulevard Charles', 'user2070', 'password123'),
(2071, 2010, 'Albert', 'Jacqueline', 56, '69, avenue Luce Toussaint', 'user2071', 'password123'),
(2072, 2010, 'Dupuis', 'Élodie', 31, '16, rue Audrey Coste', 'user2072', 'password123'),
(2073, 2070, 'Chevalier', 'Thérèse', 18, '244, chemin Vallet', 'user2073', 'password123'),
(2074, 2047, 'Arnaud', 'Guillaume', 24, '613, rue de Parent', 'user2074', 'password123'),
(2075, 2002, 'Delorme', 'Guy', 38, '14, avenue Barbier', 'user2075', 'password123'),
(2076, 2037, 'Foucher', 'Marcel', 39, 'rue Martins', 'user2076', 'password123'),
(2077, 2119, 'Bernard', 'Emmanuelle', 61, '79, boulevard Marianne Guichard', 'user2077', 'password123'),
(2078, 2093, 'Hamon', 'Pierre', 21, 'rue Da Silva', 'user2078', 'password123'),
(2079, 2126, 'Le Gall', 'Victoire', 57, '92, boulevard de Delorme', 'user2079', 'password123'),
(2080, 2179, 'Laine', 'Christelle', 58, '22, rue Alphonse Bourdon', 'user2080', 'password123'),
(2081, 2196, 'Laine', 'Victor', 43, '73, avenue Josette Lévy', 'user2081', 'password123'),
(2082, 2107, 'Perrin', 'Marcel', 57, '4, boulevard Payet', 'user2082', 'password123'),
(2083, 2001, 'Vallée', 'Gabrielle', 22, '6, avenue Margaud Weiss', 'user2083', 'password123'),
(2084, 2028, 'Wagner', 'Hélène', 58, '91, rue de Lamy', 'user2084', 'password123'),
(2085, 2048, 'Dijoux', 'Martin', 48, 'chemin Robin', 'user2085', 'password123'),
(2086, 2134, 'Albert', 'Corinne', 20, '91, chemin de Bonnin', 'user2086', 'password123'),
(2087, 2170, 'Perrot', 'Paulette', 52, '546, chemin Guillon', 'user2087', 'password123'),
(2088, 2135, 'Moreno', 'Caroline', 21, '3, rue de Marty', 'user2088', 'password123'),
(2089, 2020, 'Boulay', 'Andrée', 18, '70, rue Julien Leduc', 'user2089', 'password123'),
(2090, 2082, 'Bonnet', 'Bernard', 39, '97, avenue Stéphanie Teixeira', 'user2090', 'password123'),
(2091, 2062, 'Dumas', 'Léon', 35, 'avenue de Marion', 'user2091', 'password123'),
(2092, 2163, 'Pascal', 'René', 51, '4, rue Laroche', 'user2092', 'password123'),
(2093, 2052, 'Tessier', 'Michel', 21, '46, chemin Vidal', 'user2093', 'password123'),
(2094, 2189, 'Perrin', 'Catherine', 40, 'avenue Julie Besnard', 'user2094', 'password123'),
(2095, 2085, 'Dos Santos', 'Nathalie', 25, '174, rue de Bourdon', 'user2095', 'password123'),
(2096, 2020, 'Benard', 'Martin', 57, 'avenue de Hamon', 'user2096', 'password123'),
(2097, 2087, 'Maillet', 'Maurice', 69, '82, rue René Leleu', 'user2097', 'password123'),
(2098, 2154, 'Alves', 'Aurore', 26, '2, avenue Suzanne Perrier', 'user2098', 'password123'),
(2099, 2070, 'Reynaud', 'Jules', 27, '51, avenue Benoit', 'user2099', 'password123'),
(2100, 2037, 'Guérin', 'Maggie', 51, '30, boulevard Boulay', 'user2100', 'password123'),
(2101, 2120, 'De Oliveira', 'Laure', 30, '93, rue de Collet', 'user2101', 'password123'),
(2102, 2088, 'Robert', 'Nicole', 19, '214, rue de Grenier', 'user2102', 'password123'),
(2103, 2192, 'Ribeiro', 'Christine', 61, '51, avenue Colette Texier', 'user2103', 'password123'),
(2104, 2101, 'Charrier', 'Anne', 65, '35, boulevard de Lacroix', 'user2104', 'password123'),
(2105, 2087, 'Courtois', 'Philippe', 26, '210, avenue Claire Pascal', 'user2105', 'password123'),
(2106, 2191, 'Gosselin', 'Théodore', 59, '700, rue de Thierry', 'user2106', 'password123'),
(2107, 2139, 'Henry', 'Anne', 64, '255, rue de Hubert', 'user2107', 'password123'),
(2108, 2081, 'Pottier', 'Alphonse', 21, '195, chemin Augustin Rolland', 'user2108', 'password123'),
(2109, 2190, 'Lecoq', 'Frédéric', 41, '12, rue Berthelot', 'user2109', 'password123'),
(2110, 2097, 'Ollivier', 'Nathalie', 28, 'chemin de Morin', 'user2110', 'password123'),
(2111, 2163, 'Boyer', 'Jacqueline', 61, '98, boulevard Adélaïde Guyon', 'user2111', 'password123'),
(2112, 2049, 'Mallet', 'Timothée', 33, '46, rue Fouquet', 'user2112', 'password123'),
(2113, 2078, 'Millet', 'Josette', 36, '4, avenue de Baron', 'user2113', 'password123'),
(2114, 2004, 'Lévy', 'Sylvie', 69, 'chemin Anouk Lenoir', 'user2114', 'password123'),
(2115, 2014, 'Benard', 'Nathalie', 37, '50, rue Nathalie Lambert', 'user2115', 'password123'),
(2116, 2037, 'Renaud', 'Jeannine', 41, '74, avenue David', 'user2116', 'password123'),
(2117, 2092, 'David', 'Suzanne', 31, '47, avenue Colas', 'user2117', 'password123'),
(2118, 2160, 'Briand', 'Noémi', 41, '61, rue de Loiseau', 'user2118', 'password123'),
(2119, 2165, 'Auger', 'David', 65, '34, chemin Pierre', 'user2119', 'password123'),
(2120, 2187, 'De Oliveira', 'Adèle', 42, '960, rue de Vasseur', 'user2120', 'password123'),
(2121, 2119, 'Techer', 'Diane', 66, '18, rue Maurice', 'user2121', 'password123'),
(2122, 2084, 'Lenoir', 'Roger', 43, '9, boulevard Bodin', 'user2122', 'password123'),
(2123, 2197, 'Chauvet', 'Vincent', 61, '87, rue Germain', 'user2123', 'password123'),
(2124, 2092, 'Dupuy', 'Cécile', 29, '39, boulevard Foucher', 'user2124', 'password123'),
(2125, 2035, 'Collet', 'Margaret', 26, '93, rue Martin', 'user2125', 'password123'),
(2126, 2019, 'Letellier', 'Timothée', 50, '993, avenue de Goncalves', 'user2126', 'password123'),
(2127, 2120, 'Lebon', 'Michèle', 39, '36, boulevard Philippine Roche', 'user2127', 'password123'),
(2128, 2118, 'Gay', 'Jules', 41, '2, chemin Hebert', 'user2128', 'password123'),
(2129, 2038, 'Marty', 'Antoine', 34, '2, rue Manon Barbe', 'user2129', 'password123'),
(2130, 2002, 'Leblanc', 'Élodie', 50, 'avenue de Antoine', 'user2130', 'password123'),
(2131, 2142, 'Guichard', 'Martine', 31, '17, chemin Ribeiro', 'user2131', 'password123'),
(2132, 2122, 'Masse', 'Anne', 52, '46, avenue Descamps', 'user2132', 'password123'),
(2133, 2057, 'Paris', 'Caroline', 30, '4, avenue William Carlier', 'user2133', 'password123'),
(2134, 2089, 'Lacroix', 'Clémence', 53, '673, avenue Théodore Bourgeois', 'user2134', 'password123'),
(2135, 2066, 'Schmitt', 'Bertrand', 48, '82, boulevard Rodriguez', 'user2135', 'password123'),
(2136, 2114, 'Lemoine', 'Marine', 23, '1, boulevard de Lesage', 'user2136', 'password123'),
(2137, 2109, 'Lejeune', 'Audrey', 61, '44, rue Gabrielle Bonnet', 'user2137', 'password123'),
(2138, 2124, 'Valentin', 'Claudine', 55, '21, rue Techer', 'user2138', 'password123'),
(2139, 2116, 'Seguin', 'Pauline', 59, '4, avenue Andre', 'user2139', 'password123'),
(2140, 2162, 'Daniel', 'Timothée', 36, '11, chemin Joséphine Meyer', 'user2140', 'password123'),
(2141, 2017, 'Da Costa', 'Clémence', 18, '34, boulevard Guibert', 'user2141', 'password123'),
(2142, 2112, 'Cohen', 'Guillaume', 49, '71, rue Rousseau', 'user2142', 'password123'),
(2143, 2022, 'Hamon', 'Vincent', 62, '832, avenue de Bertin', 'user2143', 'password123'),
(2144, 2178, 'Cordier', 'Sébastien', 26, '3, rue de Torres', 'user2144', 'password123'),
(2145, 2135, 'Jacques', 'Michel', 39, '39, rue de Gosselin', 'user2145', 'password123'),
(2146, 2082, 'Robert', 'Marine', 45, '550, rue de Raymond', 'user2146', 'password123'),
(2147, 2164, 'Brun', 'Paulette', 42, '49, rue Madeleine Hernandez', 'user2147', 'password123'),
(2148, 2067, 'Duhamel', 'Gabrielle', 36, '35, chemin de Le Goff', 'user2148', 'password123'),
(2149, 2181, 'Richard', 'Thierry', 59, 'boulevard Benoît Gérard', 'user2149', 'password123'),
(2150, 2063, 'Gérard', 'Marc', 70, '70, chemin René Brun', 'user2150', 'password123'),
(2151, 2142, 'Maillet', 'Aimé', 34, '202, rue Gilles Lopes', 'user2151', 'password123'),
(2152, 2128, 'Laine', 'Jules', 37, '50, rue Thibault', 'user2152', 'password123'),
(2153, 2172, 'De Sousa', 'Susanne', 68, 'boulevard de Ramos', 'user2153', 'password123'),
(2154, 2155, 'Pottier', 'Marcelle', 37, '85, avenue de Lopes', 'user2154', 'password123'),
(2155, 2138, 'Gallet', 'Lucas', 63, '94, avenue Noël Mace', 'user2155', 'password123'),
(2156, 2094, 'Le Goff', 'Antoine', 66, '49, rue Techer', 'user2156', 'password123'),
(2157, 2191, 'Maurice', 'Colette', 43, '352, rue de Delmas', 'user2157', 'password123'),
(2158, 2054, 'Neveu', 'Arthur', 38, '71, rue de Lamy', 'user2158', 'password123'),
(2159, 2148, 'Martinez', 'Alexandre', 34, '3, rue de Boulay', 'user2159', 'password123'),
(2160, 2151, 'Grenier', 'Joseph', 69, 'rue de Humbert', 'user2160', 'password123'),
(2161, 2155, 'Jacques', 'Léon', 41, '94, chemin Nicolas Fischer', 'user2161', 'password123'),
(2162, 2145, 'Lemaître', 'Thibaut', 58, '3, chemin Berthelot', 'user2162', 'password123'),
(2163, 2062, 'Hardy', 'Bernard', 57, '5, avenue de Chartier', 'user2163', 'password123'),
(2164, 2127, 'Couturier', 'Franck', 51, '52, avenue Besnard', 'user2164', 'password123'),
(2165, 2077, 'Aubry', 'Camille', 68, 'rue Valérie Gonzalez', 'user2165', 'password123'),
(2166, 2018, 'Le Roux', 'Joseph', 43, '49, boulevard de Lagarde', 'user2166', 'password123'),
(2167, 2193, 'Lambert', 'Marguerite', 20, '39, chemin de Fontaine', 'user2167', 'password123'),
(2168, 2177, 'Laurent', 'Dorothée', 56, 'rue Simone Pinto', 'user2168', 'password123'),
(2169, 2177, 'Dijoux', 'Xavier', 51, 'boulevard Techer', 'user2169', 'password123'),
(2170, 2100, 'Breton', 'Guillaume', 39, '228, rue Arnaud', 'user2170', 'password123'),
(2171, 2098, 'Gaudin', 'Patricia', 50, '811, avenue de Blot', 'user2171', 'password123'),
(2172, 2133, 'Guilbert', 'Jeanne', 23, '606, chemin de Gomes', 'user2172', 'password123'),
(2173, 2003, 'Royer', 'Aurore', 24, '588, chemin Jacqueline Lecomte', 'user2173', 'password123'),
(2174, 2019, 'Barbier', 'Paul', 28, '57, chemin de Prévost', 'user2174', 'password123'),
(2175, 2060, 'Berger', 'Simone', 53, '63, chemin Thibault Alexandre', 'user2175', 'password123'),
(2176, 2010, 'Raymond', 'Gilbert', 47, '635, rue de Andre', 'user2176', 'password123'),
(2177, 2169, 'Rivière', 'Brigitte', 52, '8, avenue Cordier', 'user2177', 'password123'),
(2178, 2017, 'Alves', 'Michelle', 22, '701, boulevard de Reynaud', 'user2178', 'password123'),
(2179, 2062, 'Perez', 'Roger', 53, '1, boulevard de Bousquet', 'user2179', 'password123'),
(2180, 2100, 'Masson', 'Célina', 56, '48, chemin Chantal Muller', 'user2180', 'password123'),
(2181, 2198, 'Vasseur', 'Denis', 21, 'chemin de Petit', 'user2181', 'password123'),
(2182, 2140, 'Guérin', 'Daniel', 40, '324, avenue Alexandre', 'user2182', 'password123'),
(2183, 2162, 'Dubois', 'Hélène', 19, '97, avenue Honoré Nguyen', 'user2183', 'password123'),
(2184, 2042, 'Neveu', 'Alphonse', 19, '5, boulevard de Hamon', 'user2184', 'password123'),
(2185, 2057, 'Barbe', 'Suzanne', 58, '3, avenue de Godard', 'user2185', 'password123'),
(2186, 2055, 'Pierre', 'Henri', 66, '12, boulevard Stéphanie Daniel', 'user2186', 'password123'),
(2187, 2087, 'Perrot', 'Aurore', 41, 'chemin Cordier', 'user2187', 'password123'),
(2188, 2069, 'Moulin', 'Margaud', 56, '25, avenue Laurent', 'user2188', 'password123'),
(2189, 2134, 'Fernandez', 'Pierre', 54, 'rue Weiss', 'user2189', 'password123'),
(2190, 2038, 'Besson', 'Alexandrie', 52, '501, rue Cécile Delahaye', 'user2190', 'password123'),
(2191, 2043, 'Roche', 'Céline', 30, '2, rue Anastasie Vallée', 'user2191', 'password123'),
(2192, 2095, 'Le Gall', 'Juliette', 40, '822, chemin Henriette Blondel', 'user2192', 'password123'),
(2193, 2174, 'Gros', 'Eugène', 55, '91, avenue Guyon', 'user2193', 'password123'),
(2194, 2177, 'Gautier', 'Christine', 38, '79, rue de Lebreton', 'user2194', 'password123'),
(2195, 2014, 'Bernard', 'Martin', 46, '43, boulevard De Oliveira', 'user2195', 'password123'),
(2196, 2076, 'Leroy', 'Diane', 37, '25, rue de Dumont', 'user2196', 'password123'),
(2197, 2097, 'Coulon', 'Catherine', 20, '867, avenue de Peron', 'user2197', 'password123'),
(2198, 2019, 'Carpentier', 'Frédéric', 70, '96, chemin de Simon', 'user2198', 'password123'),
(2199, 2186, 'Clerc', 'Aimée', 67, 'avenue de Nicolas', 'user2199', 'password123'),
(2200, 2051, 'Chrétien', 'Nicolas', 69, '607, boulevard Stéphane Gauthier', 'user2200', 'password123'),
(2201, 2089, 'Rémy', 'Jeanne', 23, '24, rue Pinto', 'user2201', 'password123'),
(2202, 2059, 'Colas', 'Jacqueline', 26, '40, chemin Martin Lebrun', 'user2202', 'password123'),
(2203, 2049, 'Pires', 'Tristan', 28, '944, rue Fleury', 'user2203', 'password123'),
(2204, 2171, 'Gillet', 'Sabine', 59, '70, boulevard Arthur Weiss', 'user2204', 'password123'),
(2205, 2014, 'Riou', 'Marc', 65, '505, rue Lopes', 'user2205', 'password123'),
(2206, 2038, 'Verdier', 'Xavier', 40, '18, rue Vidal', 'user2206', 'password123'),
(2207, 2138, 'Duval', 'Maryse', 41, '6, chemin Guibert', 'user2207', 'password123'),
(2208, 2012, 'Noël', 'Frédérique', 32, 'boulevard Sylvie Langlois', 'user2208', 'password123'),
(2209, 2089, 'Mercier', 'Maryse', 67, 'rue de Maury', 'user2209', 'password123'),
(2210, 2126, 'Bailly', 'Hortense', 45, '5, chemin Pinto', 'user2210', 'password123'),
(2211, 2038, 'Georges', 'Édith', 60, 'rue Margaud Carpentier', 'user2211', 'password123'),
(2212, 2137, 'Lenoir', 'Charles', 48, '33, rue Arnaude Chauvet', 'user2212', 'password123'),
(2213, 2109, 'Blot', 'Anastasie', 67, '3, boulevard Bernadette Bazin', 'user2213', 'password123'),
(2214, 2156, 'Joseph', 'Zoé', 48, '68, boulevard Godard', 'user2214', 'password123'),
(2215, 2079, 'Étienne', 'Catherine', 28, '237, avenue Suzanne Weiss', 'user2215', 'password123'),
(2216, 2049, 'Masson', 'Luce', 26, '306, rue Salmon', 'user2216', 'password123'),
(2217, 2174, 'Guyon', 'Hugues', 56, '496, boulevard Renaud', 'user2217', 'password123'),
(2218, 2011, 'Gilles', 'Agathe', 65, '260, rue Klein', 'user2218', 'password123'),
(2219, 2171, 'Torres', 'Camille', 69, '45, avenue de Maillot', 'user2219', 'password123'),
(2220, 2000, 'Lacroix', 'Geneviève', 47, '57, rue Colette Julien', 'user2220', 'password123'),
(2221, 2177, 'Berthelot', 'Christine', 33, '24, chemin Langlois', 'user2221', 'password123'),
(2222, 2173, 'Lebon', 'Astrid', 54, '285, rue Perrier', 'user2222', 'password123'),
(2223, 2030, 'Charrier', 'Luc', 50, '67, rue de Texier', 'user2223', 'password123'),
(2224, 2135, 'Chauvin', 'Alex', 31, 'avenue Thomas Colas', 'user2224', 'password123'),
(2225, 2059, 'Pons', 'Margaud', 36, '72, rue Guillaume Rossi', 'user2225', 'password123'),
(2226, 2120, 'Garcia', 'Valérie', 28, '62, avenue Alexandria Lagarde', 'user2226', 'password123'),
(2227, 2082, 'Munoz', 'Paul', 55, 'rue de Bernard', 'user2227', 'password123'),
(2228, 2037, 'Carpentier', 'Élise', 63, '18, avenue de Marchal', 'user2228', 'password123'),
(2229, 2177, 'Barbier', 'Odette', 55, '37, chemin Diaz', 'user2229', 'password123'),
(2230, 2061, 'Bigot', 'Tristan', 42, '64, chemin de Dupré', 'user2230', 'password123'),
(2231, 2002, 'Ruiz', 'Thibaut', 22, 'chemin de Bonnet', 'user2231', 'password123'),
(2232, 2002, 'Colin', 'Michèle', 24, '120, chemin de Jean', 'user2232', 'password123'),
(2233, 2019, 'Mahe', 'Isaac', 61, '19, chemin Manon Colin', 'user2233', 'password123'),
(2234, 2017, 'Coste', 'Alex', 55, '8, rue Luce Simon', 'user2234', 'password123'),
(2235, 2066, 'Bigot', 'Capucine', 63, '6, boulevard Cécile Guillot', 'user2235', 'password123'),
(2236, 2080, 'Charles', 'Léon', 24, 'avenue Gérard Morin', 'user2236', 'password123'),
(2237, 2025, 'Guérin', 'Bertrand', 49, '82, rue Fouquet', 'user2237', 'password123'),
(2238, 2021, 'Étienne', 'Robert', 66, '7, chemin Christelle Hoarau', 'user2238', 'password123'),
(2239, 2019, 'Menard', 'Georges', 59, '68, boulevard Coulon', 'user2239', 'password123'),
(2240, 2184, 'Verdier', 'Suzanne', 42, '249, chemin de Paris', 'user2240', 'password123'),
(2241, 2138, 'Lefèvre', 'Éric', 42, '4, boulevard Rodriguez', 'user2241', 'password123'),
(2242, 2180, 'Jacques', 'Geneviève', 44, '80, avenue Bigot', 'user2242', 'password123'),
(2243, 2016, 'Ribeiro', 'Caroline', 42, '90, avenue Raynaud', 'user2243', 'password123'),
(2244, 2050, 'Gros', 'Guy', 61, '853, rue Rey', 'user2244', 'password123'),
(2245, 2162, 'Gay', 'Alix', 48, '73, chemin Regnier', 'user2245', 'password123'),
(2246, 2123, 'Perez', 'Marcel', 60, '9, rue Daniel', 'user2246', 'password123'),
(2247, 2086, 'Pasquier', 'Céline', 38, '90, chemin Noémi David', 'user2247', 'password123'),
(2248, 2123, 'Hebert', 'Marcelle', 59, '8, boulevard Alphonse Rolland', 'user2248', 'password123'),
(2249, 2138, 'Laporte', 'Simone', 50, '262, rue de Vallée', 'user2249', 'password123'),
(2250, 2051, 'Paul', 'Raymond', 19, '86, rue Parent', 'user2250', 'password123'),
(2251, 2076, 'Rémy', 'Maryse', 68, '9, rue Élise Grenier', 'user2251', 'password123'),
(2252, 2109, 'Maurice', 'Antoinette', 51, '4, rue Bailly', 'user2252', 'password123'),
(2253, 2196, 'Germain', 'Colette', 32, '23, avenue de Delannoy', 'user2253', 'password123'),
(2254, 2175, 'Roger', 'François', 49, 'chemin Bailly', 'user2254', 'password123'),
(2255, 2157, 'Julien', 'Laurent', 47, '85, boulevard de Mallet', 'user2255', 'password123'),
(2256, 2183, 'Salmon', 'Astrid', 28, 'chemin Olivie Mary', 'user2256', 'password123'),
(2257, 2105, 'Becker', 'Denis', 47, '74, rue de Michel', 'user2257', 'password123'),
(2258, 2132, 'Breton', 'Noémi', 24, '19, chemin Riou', 'user2258', 'password123'),
(2259, 2198, 'Roger', 'Susanne', 68, 'rue de Guilbert', 'user2259', 'password123'),
(2260, 2120, 'Lucas', 'Valérie', 53, '1, boulevard de Peron', 'user2260', 'password123'),
(2261, 2165, 'Lucas', 'Édouard', 44, '365, rue de Baron', 'user2261', 'password123'),
(2262, 2138, 'Maurice', 'Suzanne', 28, '93, avenue Delaunay', 'user2262', 'password123'),
(2263, 2003, 'Launay', 'Théodore', 42, '634, chemin de Picard', 'user2263', 'password123'),
(2264, 2049, 'Jacques', 'Philippine', 19, '56, boulevard Garcia', 'user2264', 'password123'),
(2265, 2091, 'Seguin', 'Monique', 27, '5, rue Rémy Lopez', 'user2265', 'password123'),
(2266, 2144, 'Masson', 'Suzanne', 59, '5, rue de Dumont', 'user2266', 'password123'),
(2267, 2122, 'Huet', 'Sylvie', 45, '271, avenue Émilie Perret', 'user2267', 'password123'),
(2268, 2198, 'Cordier', 'Théophile', 48, '5, boulevard de Boulanger', 'user2268', 'password123'),
(2269, 2046, 'Mallet', 'Paul', 26, '9, avenue Valentine Le Goff', 'user2269', 'password123'),
(2270, 2092, 'Pierre', 'Brigitte', 68, '829, boulevard Bernard', 'user2270', 'password123'),
(2271, 2095, 'Perrin', 'Cécile', 19, '3, rue Camille Rossi', 'user2271', 'password123'),
(2272, 2044, 'Marie', 'Célina', 31, '6, chemin Denise Couturier', 'user2272', 'password123'),
(2273, 2034, 'Lejeune', 'Hortense', 67, '21, boulevard de Bruneau', 'user2273', 'password123'),
(2274, 2194, 'Gilbert', 'Élise', 53, '541, chemin de Chauvin', 'user2274', 'password123'),
(2275, 2025, 'Guyon', 'Claudine', 59, '70, rue de Hamon', 'user2275', 'password123'),
(2276, 2105, 'Marques', 'Suzanne', 69, '8, rue de Daniel', 'user2276', 'password123'),
(2277, 2084, 'Michel', 'Alphonse', 70, 'rue Étienne Charles', 'user2277', 'password123'),
(2278, 2163, 'Hamel', 'Sébastien', 37, '16, rue Launay', 'user2278', 'password123'),
(2279, 2026, 'Potier', 'Aimée', 45, 'avenue Gilbert', 'user2279', 'password123'),
(2280, 2169, 'Martin', 'Alexandrie', 46, '72, chemin de Huet', 'user2280', 'password123'),
(2281, 2064, 'Hernandez', 'Jérôme', 51, '14, chemin Isaac Ramos', 'user2281', 'password123'),
(2282, 2043, 'Boutin', 'Céline', 32, '43, avenue Alice Da Costa', 'user2282', 'password123'),
(2283, 2148, 'Bernard', 'Margot', 62, '956, rue Paris', 'user2283', 'password123'),
(2284, 2196, 'Georges', 'Théodore', 28, '4, boulevard de Leroux', 'user2284', 'password123'),
(2285, 2136, 'Clerc', 'Édith', 57, '76, avenue Lucy Roger', 'user2285', 'password123'),
(2286, 2053, 'Roussel', 'Alexandre', 57, '32, rue Célina Turpin', 'user2286', 'password123'),
(2287, 2174, 'Pages', 'Michelle', 55, '66, chemin de Dumont', 'user2287', 'password123'),
(2288, 2116, 'Gimenez', 'Jeanne', 25, 'chemin Blanchard', 'user2288', 'password123'),
(2289, 2001, 'Delannoy', 'Margaret', 37, '2, avenue Martine Gaillard', 'user2289', 'password123'),
(2290, 2135, 'Martineau', 'Alexandrie', 18, '7, chemin de Sauvage', 'user2290', 'password123'),
(2291, 2114, 'Charles', 'Laurence', 63, '93, rue Raymond Carpentier', 'user2291', 'password123'),
(2292, 2058, 'Meunier', 'Éric', 57, '6, chemin de Lefebvre', 'user2292', 'password123'),
(2293, 2121, 'Barbe', 'Georges', 37, '4, rue Sauvage', 'user2293', 'password123'),
(2294, 2167, 'Gomez', 'Juliette', 41, '65, chemin Marc Costa', 'user2294', 'password123'),
(2295, 2064, 'Henry', 'Laure', 53, '7, boulevard Thérèse Mathieu', 'user2295', 'password123'),
(2296, 2095, 'Berthelot', 'Hugues', 59, '4, avenue de Besnard', 'user2296', 'password123'),
(2297, 2018, 'Bègue', 'Gabrielle', 40, '1, rue Pascal', 'user2297', 'password123'),
(2298, 2031, 'Olivier', 'Jules', 24, '9, boulevard Luce Salmon', 'user2298', 'password123'),
(2299, 2004, 'Collin', 'Christine', 61, 'avenue Jean', 'user2299', 'password123'),
(2300, 2118, 'Albert', 'Thierry', 66, '7, chemin de Alves', 'user2300', 'password123'),
(2301, 2074, 'Dias', 'René', 19, 'chemin de Camus', 'user2301', 'password123'),
(2302, 2195, 'Huet', 'Danielle', 37, '83, chemin Denise Richard', 'user2302', 'password123'),
(2303, 2191, 'Hubert', 'Paulette', 56, '384, boulevard Jeannine Jacob', 'user2303', 'password123'),
(2304, 2095, 'Rossi', 'Pierre', 61, 'rue Alfred Paul', 'user2304', 'password123'),
(2305, 2006, 'Noël', 'Luc', 41, '323, chemin de Dufour', 'user2305', 'password123'),
(2306, 2074, 'Raymond', 'Agnès', 46, '40, rue Jacques', 'user2306', 'password123'),
(2307, 2069, 'Rocher', 'Joseph', 27, '49, chemin Lefèvre', 'user2307', 'password123'),
(2308, 2012, 'Couturier', 'Gabriel', 51, '98, boulevard Chevallier', 'user2308', 'password123'),
(2309, 2166, 'Jacques', 'Camille', 67, '58, boulevard de Rémy', 'user2309', 'password123'),
(2310, 2173, 'Thierry', 'Grégoire', 20, '320, boulevard Germain', 'user2310', 'password123'),
(2311, 2134, 'Faure', 'Henriette', 64, '8, boulevard Margot Léger', 'user2311', 'password123'),
(2312, 2084, 'Hubert', 'Stéphane', 25, '36, rue Nguyen', 'user2312', 'password123'),
(2313, 2188, 'Millet', 'Marcel', 44, '54, rue de Paul', 'user2313', 'password123'),
(2314, 2052, 'Blanc', 'Danielle', 68, 'rue de Guillaume', 'user2314', 'password123'),
(2315, 2063, 'Bourgeois', 'Valentine', 55, '79, avenue de Chrétien', 'user2315', 'password123'),
(2316, 2175, 'Ollivier', 'Victor', 32, '14, chemin de Morin', 'user2316', 'password123'),
(2317, 2108, 'Imbert', 'Margaud', 66, '6, chemin Legendre', 'user2317', 'password123'),
(2318, 2130, 'Thomas', 'Guillaume', 29, '74, chemin Sébastien Fournier', 'user2318', 'password123'),
(2319, 2059, 'Hervé', 'Grégoire', 57, '38, boulevard Alfred Grégoire', 'user2319', 'password123'),
(2320, 2080, 'Ferreira', 'Eugène', 22, '85, avenue Jacquet', 'user2320', 'password123'),
(2321, 2109, 'Cohen', 'Xavier', 58, '689, avenue Marcel Devaux', 'user2321', 'password123'),
(2322, 2040, 'Mallet', 'Hélène', 69, '595, avenue de Rivière', 'user2322', 'password123'),
(2323, 2005, 'Lebreton', 'Maurice', 20, '23, rue de Brunet', 'user2323', 'password123'),
(2324, 2011, 'Sauvage', 'Laurence', 23, 'rue Louise Pires', 'user2324', 'password123'),
(2325, 2082, 'Mallet', 'Antoinette', 39, '77, boulevard Bertrand', 'user2325', 'password123'),
(2326, 2184, 'Fernandes', 'Océane', 36, 'boulevard Raymond Daniel', 'user2326', 'password123'),
(2327, 2085, 'Collet', 'Rémy', 23, '51, boulevard de Raymond', 'user2327', 'password123'),
(2328, 2049, 'Legros', 'Louise', 35, '985, chemin Juliette Rey', 'user2328', 'password123'),
(2329, 2014, 'Lejeune', 'Grégoire', 42, 'rue Bègue', 'user2329', 'password123'),
(2330, 2065, 'Lemaire', 'Anastasie', 43, '3, boulevard Thierry', 'user2330', 'password123'),
(2331, 2170, 'Pons', 'René', 58, '70, avenue de Petit', 'user2331', 'password123'),
(2332, 2161, 'Diaz', 'Michèle', 56, '52, chemin de Roux', 'user2332', 'password123'),
(2333, 2030, 'Masson', 'Lorraine', 59, '25, rue de Weber', 'user2333', 'password123'),
(2334, 2103, 'Dijoux', 'Philippine', 51, 'avenue Guillaume', 'user2334', 'password123'),
(2335, 2040, 'Millet', 'Sophie', 52, '14, rue Marie Foucher', 'user2335', 'password123'),
(2336, 2093, 'Barbe', 'Alexandre', 50, '72, boulevard de Dubois', 'user2336', 'password123'),
(2337, 2072, 'Dias', 'Daniel', 50, '922, boulevard Claudine Simon', 'user2337', 'password123'),
(2338, 2053, 'Lacroix', 'René', 28, '773, chemin Bailly', 'user2338', 'password123'),
(2339, 2129, 'Marchand', 'Danielle', 62, 'chemin Valentin', 'user2339', 'password123'),
(2340, 2148, 'Marty', 'Claude', 67, '502, rue Dijoux', 'user2340', 'password123'),
(2341, 2080, 'Ferrand', 'Émile', 36, '36, chemin Guyot', 'user2341', 'password123'),
(2342, 2066, 'Richard', 'Christelle', 57, 'avenue Morel', 'user2342', 'password123'),
(2343, 2149, 'Guibert', 'Alexandre', 18, '55, rue de Paul', 'user2343', 'password123'),
(2344, 2179, 'Leduc', 'Noémi', 62, '17, rue Philippe Picard', 'user2344', 'password123'),
(2345, 2125, 'Fernandez', 'Alfred', 47, '9, rue Bertin', 'user2345', 'password123'),
(2346, 2127, 'Roy', 'Théodore', 24, '1, rue Christine Lefèvre', 'user2346', 'password123'),
(2347, 2074, 'Valentin', 'Madeleine', 20, '935, avenue de Grégoire', 'user2347', 'password123'),
(2348, 2114, 'Lecoq', 'Brigitte', 48, '274, avenue Bourdon', 'user2348', 'password123'),
(2349, 2165, 'Launay', 'Cécile', 59, '18, chemin Julie Gilles', 'user2349', 'password123'),
(2350, 2048, 'Chauveau', 'Thérèse', 46, '52, boulevard Olivier Lambert', 'user2350', 'password123'),
(2351, 2052, 'Gaudin', 'Christine', 25, '21, chemin de Girard', 'user2351', 'password123'),
(2352, 2185, 'Pruvost', 'Marianne', 36, 'boulevard Albert', 'user2352', 'password123'),
(2353, 2141, 'Andre', 'Dorothée', 47, '72, rue Célina Lebreton', 'user2353', 'password123'),
(2354, 2057, 'Joly', 'Mathilde', 37, '60, boulevard de Paul', 'user2354', 'password123'),
(2355, 2030, 'Lebrun', 'Aurore', 20, '57, rue de Maillard', 'user2355', 'password123'),
(2356, 2066, 'Lebreton', 'Élodie', 48, 'boulevard de Robin', 'user2356', 'password123'),
(2357, 2144, 'Guibert', 'Margot', 69, '251, boulevard de Neveu', 'user2357', 'password123'),
(2358, 2122, 'Barbe', 'Stéphanie', 22, '67, chemin de Ribeiro', 'user2358', 'password123'),
(2359, 2179, 'Didier', 'Margaud', 49, '90, rue Margot Blot', 'user2359', 'password123'),
(2360, 2173, 'Mendès', 'Patrick', 37, '28, avenue de Robin', 'user2360', 'password123'),
(2361, 2074, 'Raymond', 'Dorothée', 70, '52, boulevard Léger', 'user2361', 'password123'),
(2362, 2119, 'Hoareau', 'Anouk', 51, '148, chemin de Perrot', 'user2362', 'password123'),
(2363, 2142, 'Chevallier', 'Julie', 19, '9, rue Dijoux', 'user2363', 'password123'),
(2364, 2013, 'Texier', 'Bernard', 54, '86, rue Élise Foucher', 'user2364', 'password123'),
(2365, 2033, 'Maillard', 'Anne', 18, 'avenue David Bonneau', 'user2365', 'password123'),
(2366, 2097, 'Guilbert', 'Théodore', 59, '64, avenue Legros', 'user2366', 'password123'),
(2367, 2033, 'Allard', 'Henriette', 19, '897, chemin Michelle Perrin', 'user2367', 'password123'),
(2368, 2151, 'Bourdon', 'Claude', 56, '3, rue Éric Philippe', 'user2368', 'password123'),
(2369, 2188, 'Thierry', 'Henri', 58, 'chemin Laetitia Jacob', 'user2369', 'password123'),
(2370, 2042, 'Hamon', 'Pauline', 29, '66, chemin Richard Maurice', 'user2370', 'password123'),
(2371, 2189, 'Gay', 'Élodie', 39, '79, rue Claire Collin', 'user2371', 'password123'),
(2372, 2016, 'Guillet', 'Michèle', 51, 'chemin de Delmas', 'user2372', 'password123'),
(2373, 2024, 'Mace', 'Aurélie', 45, '39, avenue Maillet', 'user2373', 'password123'),
(2374, 2089, 'Brunel', 'Jacqueline', 42, '77, rue Inès Renaud', 'user2374', 'password123'),
(2375, 2109, 'Menard', 'Thérèse', 31, '57, rue de Verdier', 'user2375', 'password123'),
(2376, 2047, 'Chartier', 'Christine', 44, '52, chemin Gros', 'user2376', 'password123'),
(2377, 2109, 'Perret', 'Amélie', 55, '279, avenue de Texier', 'user2377', 'password123'),
(2378, 2164, 'Roussel', 'Diane', 65, '93, chemin de Vasseur', 'user2378', 'password123'),
(2379, 2051, 'Cousin', 'Stéphanie', 57, '27, rue Tanguy', 'user2379', 'password123'),
(2380, 2052, 'Vasseur', 'Susan', 23, '980, rue Perrot', 'user2380', 'password123'),
(2381, 2143, 'Bouchet', 'Zacharie', 28, '45, boulevard Georges', 'user2381', 'password123'),
(2382, 2110, 'Guyot', 'Danielle', 48, '24, boulevard de Dupont', 'user2382', 'password123'),
(2383, 2161, 'Maury', 'Roland', 59, '6, rue Bigot', 'user2383', 'password123'),
(2384, 2036, 'Traore', 'Luc', 37, '59, boulevard Adrienne Roche', 'user2384', 'password123'),
(2385, 2081, 'Noël', 'Benjamin', 51, 'boulevard de Leroux', 'user2385', 'password123'),
(2386, 2121, 'Moreau', 'David', 59, '5, chemin de Mallet', 'user2386', 'password123'),
(2387, 2000, 'Pons', 'Catherine', 65, '71, rue Robert', 'user2387', 'password123'),
(2388, 2148, 'Maillot', 'Amélie', 50, '18, rue Boyer', 'user2388', 'password123'),
(2389, 2086, 'Besnard', 'Manon', 43, '81, avenue de Rémy', 'user2389', 'password123'),
(2390, 2028, 'Delahaye', 'David', 62, '69, boulevard Antoinette Poulain', 'user2390', 'password123'),
(2391, 2081, 'Perrin', 'Michel', 44, '11, avenue Munoz', 'user2391', 'password123'),
(2392, 2187, 'Lacroix', 'Isaac', 47, '858, avenue Lucas', 'user2392', 'password123'),
(2393, 2125, 'Thierry', 'Édith', 22, '759, boulevard Xavier Vidal', 'user2393', 'password123'),
(2394, 2010, 'Le Roux', 'Renée', 49, '985, boulevard Hugues Barbier', 'user2394', 'password123'),
(2395, 2026, 'Ollivier', 'Caroline', 38, '426, chemin Rémy Perrin', 'user2395', 'password123'),
(2396, 2079, 'Rolland', 'Victor', 50, '91, boulevard Leleu', 'user2396', 'password123'),
(2397, 2095, 'Morvan', 'Stéphanie', 63, '60, rue Pires', 'user2397', 'password123'),
(2398, 2100, 'Peron', 'Marcelle', 57, 'rue de Rémy', 'user2398', 'password123'),
(2399, 2177, 'Morvan', 'Valentine', 51, '682, avenue Dominique Étienne', 'user2399', 'password123'),
(2400, 2132, 'Verdier', 'Roger', 36, '101, rue Grenier', 'user2400', 'password123'),
(2401, 2059, 'Lambert', 'Renée', 25, 'avenue Lenoir', 'user2401', 'password123'),
(2402, 2001, 'Guichard', 'Marine', 69, 'rue Xavier Muller', 'user2402', 'password123'),
(2403, 2064, 'Pierre', 'Jacqueline', 70, '12, avenue Moreno', 'user2403', 'password123'),
(2404, 2041, 'Hubert', 'Théophile', 49, '713, rue de Morel', 'user2404', 'password123'),
(2405, 2157, 'Picard', 'Julien', 44, '641, rue Isaac Lebon', 'user2405', 'password123'),
(2406, 2151, 'Samson', 'Anouk', 38, '20, rue Lombard', 'user2406', 'password123'),
(2407, 2182, 'Andre', 'Marianne', 36, '10, rue Célina Charrier', 'user2407', 'password123'),
(2408, 2197, 'Ledoux', 'Franck', 39, 'rue de Mace', 'user2408', 'password123'),
(2409, 2094, 'Colin', 'Stéphanie', 34, '43, chemin Andrée Guillon', 'user2409', 'password123'),
(2410, 2185, 'Delmas', 'Yves', 56, '105, avenue de Bonnin', 'user2410', 'password123'),
(2411, 2044, 'Sauvage', 'Arthur', 40, '795, rue Victor Guillet', 'user2411', 'password123'),
(2412, 2144, 'Lacombe', 'Gabrielle', 21, '40, rue Petitjean', 'user2412', 'password123'),
(2413, 2108, 'Aubry', 'Christophe', 58, '92, rue Yves Vallée', 'user2413', 'password123'),
(2414, 2061, 'Arnaud', 'Claude', 31, '86, chemin Renard', 'user2414', 'password123'),
(2415, 2128, 'Camus', 'Simone', 61, '9, avenue Marguerite Coste', 'user2415', 'password123'),
(2416, 2062, 'Lefort', 'Océane', 19, '23, avenue Adrienne Legrand', 'user2416', 'password123'),
(2417, 2128, 'Fischer', 'Jeannine', 70, '48, rue Arnaud', 'user2417', 'password123'),
(2418, 2140, 'Fabre', 'Amélie', 35, '77, avenue de Guillaume', 'user2418', 'password123'),
(2419, 2140, 'Lacroix', 'Amélie', 36, '4, avenue François Paris', 'user2419', 'password123'),
(2420, 2164, 'Parent', 'Margaux', 46, '73, avenue de Boulay', 'user2420', 'password123'),
(2421, 2027, 'Girard', 'Émile', 40, 'rue Geneviève Renaud', 'user2421', 'password123'),
(2422, 2151, 'Becker', 'Thibault', 37, 'avenue Mendès', 'user2422', 'password123'),
(2423, 2133, 'Jean', 'Constance', 18, '313, boulevard Becker', 'user2423', 'password123'),
(2424, 2178, 'Vaillant', 'Lucas', 41, '14, chemin René Bigot', 'user2424', 'password123'),
(2425, 2070, 'Maillard', 'David', 26, '77, rue Leroy', 'user2425', 'password123'),
(2426, 2110, 'Hernandez', 'Michel', 63, 'rue Rodrigues', 'user2426', 'password123'),
(2427, 2036, 'Marchal', 'Édouard', 66, '98, chemin Renaud', 'user2427', 'password123'),
(2428, 2176, 'Mathieu', 'Bernard', 41, '51, boulevard de Aubry', 'user2428', 'password123'),
(2429, 2017, 'Gérard', 'Andrée', 62, '92, rue Valentine Roussel', 'user2429', 'password123'),
(2430, 2145, 'Delahaye', 'Valentine', 31, '1, rue Raymond Benard', 'user2430', 'password123'),
(2431, 2123, 'Chartier', 'Stéphanie', 25, '91, chemin Boutin', 'user2431', 'password123'),
(2432, 2042, 'Descamps', 'Théophile', 51, '951, boulevard Grenier', 'user2432', 'password123'),
(2433, 2158, 'Bousquet', 'Patrick', 20, '218, rue Christine Masson', 'user2433', 'password123'),
(2434, 2138, 'Millet', 'Nathalie', 29, '98, avenue Agathe Jean', 'user2434', 'password123'),
(2435, 2101, 'Cousin', 'Benjamin', 57, '452, rue de Mercier', 'user2435', 'password123'),
(2436, 2085, 'Rocher', 'Nathalie', 33, '16, avenue Loiseau', 'user2436', 'password123'),
(2437, 2111, 'Gomes', 'Julie', 43, '2, avenue Zacharie Bègue', 'user2437', 'password123'),
(2438, 2170, 'Guillou', 'Laurent', 56, '54, chemin Paris', 'user2438', 'password123'),
(2439, 2010, 'Voisin', 'Philippine', 54, '46, avenue de Letellier', 'user2439', 'password123'),
(2440, 2153, 'Maillot', 'Martin', 43, '95, boulevard de Dupont', 'user2440', 'password123'),
(2441, 2069, 'Gillet', 'Océane', 23, '1, avenue de Lefort', 'user2441', 'password123'),
(2442, 2051, 'Ollivier', 'Élise', 58, '77, chemin de Lacroix', 'user2442', 'password123'),
(2443, 2064, 'Guibert', 'René', 31, '80, rue Philippe', 'user2443', 'password123'),
(2444, 2011, 'Paul', 'Stéphane', 68, '4, avenue Dominique Noël', 'user2444', 'password123'),
(2445, 2055, 'Boutin', 'Maurice', 49, '57, boulevard de Letellier', 'user2445', 'password123'),
(2446, 2192, 'Guibert', 'Nathalie', 38, '94, rue de Fabre', 'user2446', 'password123'),
(2447, 2148, 'Moulin', 'Joséphine', 34, '258, chemin Virginie Perret', 'user2447', 'password123'),
(2448, 2092, 'Devaux', 'Lucie', 36, '98, chemin Diaz', 'user2448', 'password123'),
(2449, 2055, 'Lemonnier', 'Maurice', 48, '58, avenue de Petit', 'user2449', 'password123'),
(2450, 2059, 'Valette', 'Marianne', 68, '954, avenue Clément', 'user2450', 'password123'),
(2451, 2182, 'Carre', 'Benjamin', 37, '6, rue Suzanne Pelletier', 'user2451', 'password123'),
(2452, 2106, 'Meyer', 'Aimée', 39, '32, rue de Rodrigues', 'user2452', 'password123'),
(2453, 2194, 'Ramos', 'Paul', 70, '41, avenue Bourgeois', 'user2453', 'password123'),
(2454, 2137, 'Lombard', 'Céline', 56, 'boulevard Teixeira', 'user2454', 'password123'),
(2455, 2110, 'Legros', 'Amélie', 58, '58, rue Hoarau', 'user2455', 'password123'),
(2456, 2077, 'Royer', 'Xavier', 68, 'avenue Rousseau', 'user2456', 'password123'),
(2457, 2005, 'Dos Santos', 'Bernard', 52, '26, chemin de Guichard', 'user2457', 'password123'),
(2458, 2191, 'Laine', 'Margaud', 47, 'rue Louise Chauveau', 'user2458', 'password123'),
(2459, 2096, 'Lenoir', 'Margot', 36, '610, avenue Brigitte Baudry', 'user2459', 'password123'),
(2460, 2167, 'Turpin', 'Manon', 40, '9, boulevard de Barbe', 'user2460', 'password123'),
(2461, 2198, 'Fernandes', 'Frédéric', 39, '10, rue Bernard Lecoq', 'user2461', 'password123'),
(2462, 2123, 'Vaillant', 'Philippine', 61, '64, rue René Meyer', 'user2462', 'password123'),
(2463, 2024, 'Roy', 'Hélène', 27, '14, rue Valentine Chrétien', 'user2463', 'password123'),
(2464, 2173, 'Diaz', 'Agnès', 54, '80, chemin Hélène Rousseau', 'user2464', 'password123'),
(2465, 2045, 'François', 'Denise', 69, '14, chemin de Pruvost', 'user2465', 'password123'),
(2466, 2077, 'Jacquot', 'Laetitia', 20, 'avenue de Bertin', 'user2466', 'password123'),
(2467, 2077, 'Neveu', 'David', 61, '97, chemin de Thomas', 'user2467', 'password123'),
(2468, 2114, 'Mace', 'Louis', 41, '45, rue de Bernier', 'user2468', 'password123'),
(2469, 2020, 'Raymond', 'Jean', 32, '9, avenue de Pons', 'user2469', 'password123'),
(2470, 2088, 'Gonzalez', 'Stéphane', 44, '401, rue Pottier', 'user2470', 'password123'),
(2471, 2101, 'Lambert', 'Benoît', 70, '45, avenue de Guillou', 'user2471', 'password123'),
(2472, 2081, 'Launay', 'Lucie', 34, '19, rue de Meyer', 'user2472', 'password123'),
(2473, 2177, 'Costa', 'Raymond', 35, '78, rue André Leroy', 'user2473', 'password123'),
(2474, 2065, 'Sanchez', 'Margot', 45, '79, avenue Dubois', 'user2474', 'password123'),
(2475, 2055, 'Sanchez', 'Tristan', 27, '17, rue Jacques', 'user2475', 'password123'),
(2476, 2157, 'Auger', 'Alfred', 29, '71, avenue Suzanne Pierre', 'user2476', 'password123'),
(2477, 2084, 'Humbert', 'Colette', 19, '654, rue de Clément', 'user2477', 'password123'),
(2478, 2183, 'Chevallier', 'Éléonore', 54, 'chemin de Roche', 'user2478', 'password123'),
(2479, 2133, 'Marques', 'Maggie', 18, '33, rue Marin', 'user2479', 'password123'),
(2480, 2057, 'Mary', 'Michelle', 53, '79, rue Raymond', 'user2480', 'password123'),
(2481, 2050, 'Aubert', 'Philippine', 25, '52, chemin Barbe', 'user2481', 'password123'),
(2482, 2128, 'Moreno', 'Eugène', 33, '92, avenue de Vallée', 'user2482', 'password123'),
(2483, 2141, 'Benoit', 'Olivie', 23, '992, avenue Paris', 'user2483', 'password123'),
(2484, 2063, 'Benoit', 'Capucine', 70, '912, avenue Coulon', 'user2484', 'password123'),
(2485, 2097, 'Perez', 'Emmanuelle', 62, '24, rue Bouvet', 'user2485', 'password123'),
(2486, 2172, 'Moreno', 'Gérard', 69, 'rue de Da Costa', 'user2486', 'password123'),
(2487, 2078, 'Carlier', 'Gilles', 64, '5, avenue Astrid Didier', 'user2487', 'password123'),
(2488, 2083, 'Klein', 'Jérôme', 27, '49, boulevard Sabine Bertrand', 'user2488', 'password123'),
(2489, 2044, 'Diallo', 'Jacqueline', 18, '1, avenue Stéphanie Pires', 'user2489', 'password123'),
(2490, 2009, 'Langlois', 'Jacques', 27, '4, rue Claudine Coulon', 'user2490', 'password123'),
(2491, 2094, 'Georges', 'Pierre', 70, '87, boulevard Juliette Duval', 'user2491', 'password123'),
(2492, 2055, 'Huet', 'Andrée', 28, '8, rue Michèle Pons', 'user2492', 'password123'),
(2493, 2022, 'Paris', 'Sylvie', 36, '54, rue Susan Leclercq', 'user2493', 'password123'),
(2494, 2104, 'Hoarau', 'Diane', 34, '91, boulevard Petit', 'user2494', 'password123'),
(2495, 2130, 'Bouvier', 'Dominique', 26, '529, boulevard Guérin', 'user2495', 'password123'),
(2496, 2035, 'Navarro', 'François', 47, 'boulevard Clémence Da Silva', 'user2496', 'password123'),
(2497, 2181, 'Gomes', 'Paul', 29, '2, rue de Hardy', 'user2497', 'password123'),
(2498, 2193, 'Foucher', 'Juliette', 35, 'rue Muller', 'user2498', 'password123'),
(2499, 2000, 'Nicolas', 'Patrick', 56, '65, rue Masse', 'user2499', 'password123'),
(2500, 2154, 'Philippe', 'Agnès', 30, '54, chemin Bonneau', 'user2500', 'password123'),
(2501, 2144, 'Nguyen', 'Joséphine', 68, '598, avenue Lemoine', 'user2501', 'password123'),
(2502, 2137, 'Jourdan', 'Patricia', 52, '15, rue Roger Marion', 'user2502', 'password123'),
(2503, 2098, 'Martins', 'Suzanne', 64, '64, rue de Allain', 'user2503', 'password123'),
(2504, 2041, 'Blin', 'Anastasie', 65, '8, rue Martin Ledoux', 'user2504', 'password123'),
(2505, 2145, 'Dupont', 'Aurélie', 68, '5, rue Denis Colas', 'user2505', 'password123'),
(2506, 2107, 'Pasquier', 'Charles', 26, '94, rue Alix Ollivier', 'user2506', 'password123'),
(2507, 2036, 'Bazin', 'Andrée', 18, '989, avenue Buisson', 'user2507', 'password123'),
(2508, 2061, 'Martel', 'Charles', 53, '15, boulevard David Alexandre', 'user2508', 'password123'),
(2509, 2173, 'Vasseur', 'Eugène', 60, '54, boulevard David Legrand', 'user2509', 'password123'),
(2510, 2151, 'Bourgeois', 'Renée', 57, '66, boulevard de Giraud', 'user2510', 'password123'),
(2511, 2006, 'Fernandes', 'Claude', 69, '47, avenue de Joly', 'user2511', 'password123'),
(2512, 2050, 'Carpentier', 'Gabrielle', 23, '166, avenue de Briand', 'user2512', 'password123'),
(2513, 2027, 'Carpentier', 'Suzanne', 39, '26, chemin Gauthier', 'user2513', 'password123'),
(2514, 2172, 'Étienne', 'Louise', 21, 'avenue Anaïs Henry', 'user2514', 'password123'),
(2515, 2027, 'Moreau', 'Thibaut', 54, '643, avenue de Pascal', 'user2515', 'password123'),
(2516, 2133, 'Camus', 'Véronique', 24, '7, rue Costa', 'user2516', 'password123'),
(2517, 2077, 'Alves', 'Grégoire', 51, '7, rue de Leleu', 'user2517', 'password123'),
(2518, 2144, 'Simon', 'Odette', 47, '688, rue Renard', 'user2518', 'password123'),
(2519, 2124, 'Benard', 'Odette', 52, '31, chemin Isaac Laroche', 'user2519', 'password123'),
(2520, 2190, 'Pereira', 'Virginie', 40, '35, rue de Guichard', 'user2520', 'password123'),
(2521, 2183, 'Giraud', 'Frédéric', 68, '27, avenue Honoré Benoit', 'user2521', 'password123'),
(2522, 2196, 'Lévy', 'Denis', 44, '46, rue Benard', 'user2522', 'password123'),
(2523, 2034, 'Lefebvre', 'Laurent', 70, 'rue Pottier', 'user2523', 'password123'),
(2524, 2078, 'Bouvet', 'Marthe', 47, '70, boulevard de Leroux', 'user2524', 'password123'),
(2525, 2138, 'Huet', 'Diane', 45, '81, avenue Dumas', 'user2525', 'password123'),
(2526, 2013, 'Peron', 'Célina', 47, '2, chemin de Lebon', 'user2526', 'password123'),
(2527, 2128, 'Menard', 'Pénélope', 57, '1, rue Simone Lebon', 'user2527', 'password123'),
(2528, 2118, 'Tanguy', 'Thibaut', 61, '84, boulevard Laure Moreau', 'user2528', 'password123'),
(2529, 2042, 'Weiss', 'Suzanne', 29, '71, boulevard de Petitjean', 'user2529', 'password123'),
(2530, 2171, 'Buisson', 'Nathalie', 36, '9, boulevard Valentine Noël', 'user2530', 'password123'),
(2531, 2094, 'Raymond', 'Henriette', 66, '8, rue de Dumont', 'user2531', 'password123'),
(2532, 2137, 'Garcia', 'Auguste', 48, '73, boulevard Michel Mathieu', 'user2532', 'password123'),
(2533, 2033, 'Jacques', 'Jacqueline', 70, 'rue de Gérard', 'user2533', 'password123'),
(2534, 2081, 'Gonzalez', 'Aimée', 69, '68, chemin Michel Henry', 'user2534', 'password123'),
(2535, 2032, 'Ollivier', 'Laetitia', 40, '44, avenue Bertrand', 'user2535', 'password123'),
(2536, 2142, 'Godard', 'Pénélope', 31, '71, boulevard Martins', 'user2536', 'password123'),
(2537, 2103, 'Delattre', 'Caroline', 49, '2, rue Antoinette Lejeune', 'user2537', 'password123'),
(2538, 2126, 'Petitjean', 'André', 43, '36, avenue de Guilbert', 'user2538', 'password123'),
(2539, 2073, 'Boucher', 'Emmanuelle', 23, 'rue Riou', 'user2539', 'password123'),
(2540, 2092, 'Imbert', 'Océane', 55, '45, chemin de Ribeiro', 'user2540', 'password123'),
(2541, 2103, 'Hoareau', 'Gilbert', 23, '94, rue Gilles Moreno', 'user2541', 'password123'),
(2542, 2112, 'Allard', 'Lucas', 40, '2, boulevard Foucher', 'user2542', 'password123'),
(2543, 2138, 'Roux', 'Gabrielle', 53, '67, boulevard Blondel', 'user2543', 'password123'),
(2544, 2111, 'Fabre', 'Christiane', 34, '50, boulevard de Joubert', 'user2544', 'password123'),
(2545, 2107, 'Joseph', 'Richard', 39, '9, rue de Charrier', 'user2545', 'password123'),
(2546, 2019, 'David', 'Philippe', 34, '69, rue Alphonse Raynaud', 'user2546', 'password123'),
(2547, 2067, 'Le Goff', 'Adrienne', 63, '1, rue de Goncalves', 'user2547', 'password123'),
(2548, 2157, 'Allard', 'Roland', 68, 'chemin de Riou', 'user2548', 'password123'),
(2549, 2093, 'Imbert', 'Benjamin', 25, '68, boulevard de Neveu', 'user2549', 'password123'),
(2550, 2140, 'Legros', 'Jacques', 31, '573, rue de Girard', 'user2550', 'password123'),
(2551, 2019, 'Sanchez', 'Frédéric', 66, '3, chemin Masson', 'user2551', 'password123'),
(2552, 2006, 'Guillou', 'Adèle', 45, '53, rue de Jacob', 'user2552', 'password123'),
(2553, 2173, 'Colin', 'Robert', 52, '34, chemin Philippine Voisin', 'user2553', 'password123'),
(2554, 2141, 'Leduc', 'Adrien', 33, '1, chemin Michelle Martin', 'user2554', 'password123'),
(2555, 2035, 'Royer', 'Émile', 61, '78, boulevard Delaunay', 'user2555', 'password123'),
(2556, 2196, 'Meyer', 'Marcel', 36, '11, rue de Tessier', 'user2556', 'password123'),
(2557, 2049, 'Deschamps', 'Nathalie', 58, '519, rue de Gomes', 'user2557', 'password123'),
(2558, 2033, 'Rodrigues', 'Patrick', 33, 'avenue Théophile Cohen', 'user2558', 'password123'),
(2559, 2086, 'Lemaire', 'Stéphanie', 24, '11, avenue Rémy', 'user2559', 'password123'),
(2560, 2035, 'Gautier', 'Corinne', 57, '74, chemin Guillaume Dupuis', 'user2560', 'password123'),
(2561, 2028, 'Lebon', 'Paul', 60, '80, avenue de Clément', 'user2561', 'password123'),
(2562, 2149, 'Lopes', 'Emmanuel', 49, '2, chemin de Fontaine', 'user2562', 'password123'),
(2563, 2153, 'Lagarde', 'Louise', 66, 'boulevard Jean Lejeune', 'user2563', 'password123'),
(2564, 2026, 'Perret', 'Thibaut', 35, 'avenue Rocher', 'user2564', 'password123'),
(2565, 2007, 'Sanchez', 'Jérôme', 59, '78, avenue de Weiss', 'user2565', 'password123'),
(2566, 2138, 'Renard', 'Claire', 45, 'rue de Prévost', 'user2566', 'password123'),
(2567, 2016, 'Boyer', 'Valérie', 64, '95, rue Mathilde Rémy', 'user2567', 'password123'),
(2568, 2157, 'Perez', 'Anastasie', 70, 'rue Élise Vallet', 'user2568', 'password123'),
(2569, 2124, 'Chartier', 'Laetitia', 54, '417, boulevard Lecoq', 'user2569', 'password123'),
(2570, 2117, 'Paul', 'Océane', 69, '11, rue Lagarde', 'user2570', 'password123'),
(2571, 2130, 'Delorme', 'Nicole', 32, '45, avenue Maurice Olivier', 'user2571', 'password123'),
(2572, 2127, 'Toussaint', 'Emmanuel', 62, '29, rue Alix Moreau', 'user2572', 'password123'),
(2573, 2169, 'Benoit', 'Laurent', 40, 'boulevard Michèle Carpentier', 'user2573', 'password123'),
(2574, 2015, 'Lamy', 'Marthe', 38, '148, rue Charpentier', 'user2574', 'password123'),
(2575, 2179, 'Rolland', 'Élodie', 49, '27, rue Tristan Dupuis', 'user2575', 'password123'),
(2576, 2182, 'Fleury', 'Patricia', 23, '22, chemin Buisson', 'user2576', 'password123'),
(2577, 2107, 'Guibert', 'Dorothée', 18, '63, rue Stéphanie Toussaint', 'user2577', 'password123'),
(2578, 2049, 'Perret', 'Maryse', 32, '213, rue Bouvet', 'user2578', 'password123'),
(2579, 2029, 'Brun', 'Émilie', 50, '17, avenue de Bigot', 'user2579', 'password123'),
(2580, 2127, 'Fernandes', 'Isaac', 20, '39, chemin Alain Dufour', 'user2580', 'password123'),
(2581, 2090, 'Lagarde', 'Hugues', 45, '34, rue de Devaux', 'user2581', 'password123'),
(2582, 2173, 'Vallée', 'Jeanne', 24, 'rue Susanne Bousquet', 'user2582', 'password123'),
(2583, 2181, 'Weber', 'William', 59, '8, rue Ledoux', 'user2583', 'password123'),
(2584, 2043, 'Bertin', 'Capucine', 48, '889, avenue Godard', 'user2584', 'password123'),
(2585, 2046, 'Laroche', 'Marc', 52, '34, rue Georges', 'user2585', 'password123'),
(2586, 2143, 'Lefèvre', 'Philippine', 51, '68, rue Gautier', 'user2586', 'password123'),
(2587, 2056, 'Collin', 'Charles', 61, '44, avenue de Chauvet', 'user2587', 'password123'),
(2588, 2141, 'Devaux', 'Nathalie', 33, 'rue de Clément', 'user2588', 'password123'),
(2589, 2103, 'David', 'Philippe', 66, '3, boulevard de Cordier', 'user2589', 'password123'),
(2590, 2147, 'Bouchet', 'Paulette', 27, '833, chemin Martin De Sousa', 'user2590', 'password123'),
(2591, 2159, 'Guilbert', 'Édith', 20, 'rue Josette Faure', 'user2591', 'password123'),
(2592, 2035, 'Teixeira', 'Bernadette', 56, '93, rue de Labbé', 'user2592', 'password123'),
(2593, 2057, 'Jacques', 'Pauline', 35, 'avenue Barre', 'user2593', 'password123'),
(2594, 2159, 'Clerc', 'Patricia', 34, '19, chemin Emmanuelle Duhamel', 'user2594', 'password123'),
(2595, 2183, 'Faure', 'Victor', 49, '55, rue Mathilde Blin', 'user2595', 'password123'),
(2596, 2137, 'Ribeiro', 'Manon', 68, '795, rue Paul Allain', 'user2596', 'password123'),
(2597, 2067, 'Gautier', 'Françoise', 50, '32, rue de Roux', 'user2597', 'password123'),
(2598, 2197, 'Pons', 'Nath', 28, 'rue Aimée Caron', 'user2598', 'password123'),
(2599, 2053, 'Bruneau', 'Mathilde', 31, '45, rue Renard', 'user2599', 'password123'),
(2600, 2174, 'Dupuy', 'Louis', 38, 'rue Virginie Pages', 'user2600', 'password123'),
(2601, 2047, 'Royer', 'Édith', 35, 'avenue Gérard Guillet', 'user2601', 'password123'),
(2602, 2126, 'Garcia', 'Bernadette', 70, 'chemin de Adam', 'user2602', 'password123'),
(2603, 2194, 'Martin', 'Agnès', 32, '3, boulevard Jean Delorme', 'user2603', 'password123'),
(2604, 2016, 'Olivier', 'Alex', 46, 'rue Alexandre Boucher', 'user2604', 'password123'),
(2605, 2143, 'Auger', 'Anastasie', 34, 'avenue Théodore Foucher', 'user2605', 'password123'),
(2606, 2173, 'Navarro', 'Yves', 52, '16, boulevard Lucas', 'user2606', 'password123'),
(2607, 2174, 'Bigot', 'Édouard', 69, '34, boulevard Jacques Navarro', 'user2607', 'password123'),
(2608, 2041, 'Le Goff', 'Martine', 57, '54, boulevard de Dumont', 'user2608', 'password123'),
(2609, 2010, 'Humbert', 'Hélène', 32, '8, boulevard Jean Léger', 'user2609', 'password123'),
(2610, 2127, 'Masse', 'Alexandrie', 54, '5, rue Rousset', 'user2610', 'password123'),
(2611, 2014, 'Goncalves', 'Luce', 20, '62, rue de Lemoine', 'user2611', 'password123'),
(2612, 2056, 'Colas', 'Guy', 22, '1, avenue Susanne Regnier', 'user2612', 'password123'),
(2613, 2140, 'Dias', 'Yves', 42, '3, rue Paul Germain', 'user2613', 'password123'),
(2614, 2121, 'Langlois', 'Brigitte', 56, '91, rue Mathieu', 'user2614', 'password123'),
(2615, 2111, 'Gimenez', 'Claudine', 23, '98, boulevard Morin', 'user2615', 'password123'),
(2616, 2078, 'Colas', 'Nathalie', 62, '1, boulevard de Bonnet', 'user2616', 'password123'),
(2617, 2094, 'Bourgeois', 'Laurence', 18, 'avenue Lefebvre', 'user2617', 'password123'),
(2618, 2058, 'Delattre', 'Adrienne', 28, '55, rue de Marques', 'user2618', 'password123'),
(2619, 2191, 'Berthelot', 'Marcel', 20, 'boulevard de Rodriguez', 'user2619', 'password123'),
(2620, 2168, 'Bodin', 'Christelle', 31, '270, avenue de Lebreton', 'user2620', 'password123'),
(2621, 2016, 'François', 'Danielle', 67, '46, rue Anaïs Georges', 'user2621', 'password123'),
(2622, 2124, 'Bourdon', 'Valérie', 30, '384, chemin de Albert', 'user2622', 'password123'),
(2623, 2077, 'Lecomte', 'Christiane', 20, 'chemin Dubois', 'user2623', 'password123'),
(2624, 2068, 'Guichard', 'Adrien', 51, '14, boulevard Laure Pons', 'user2624', 'password123'),
(2625, 2177, 'Renard', 'Zoé', 19, '13, avenue Delannoy', 'user2625', 'password123'),
(2626, 2066, 'Legrand', 'Grégoire', 21, '6, rue Richard Dias', 'user2626', 'password123'),
(2627, 2042, 'Laine', 'Nicolas', 43, '65, rue Céline Ferreira', 'user2627', 'password123'),
(2628, 2127, 'De Oliveira', 'Mathilde', 61, '300, rue Agathe Leroux', 'user2628', 'password123'),
(2629, 2023, 'Hernandez', 'Élise', 66, '21, avenue de Hamel', 'user2629', 'password123'),
(2630, 2176, 'Georges', 'Georges', 45, 'boulevard Denis Faivre', 'user2630', 'password123'),
(2631, 2106, 'Allard', 'Sébastien', 32, '74, chemin de Garcia', 'user2631', 'password123'),
(2632, 2187, 'Fischer', 'Alexandre', 56, '95, rue Baron', 'user2632', 'password123'),
(2633, 2099, 'De Sousa', 'Arthur', 55, '72, boulevard Marianne Chauveau', 'user2633', 'password123'),
(2634, 2097, 'Schmitt', 'Lucie', 64, '7, avenue de Dupré', 'user2634', 'password123'),
(2635, 2147, 'Lacroix', 'Bernard', 28, '59, avenue Gilbert Thierry', 'user2635', 'password123'),
(2636, 2143, 'Da Costa', 'Jules', 45, '96, rue Franck Maillot', 'user2636', 'password123'),
(2637, 2097, 'Pasquier', 'Anne', 60, '43, avenue Gallet', 'user2637', 'password123'),
(2638, 2172, 'Legrand', 'Christine', 21, '56, boulevard Renée Nicolas', 'user2638', 'password123'),
(2639, 2116, 'Jacques', 'Claude', 19, '9, rue de Dumont', 'user2639', 'password123'),
(2640, 2053, 'Andre', 'Paul', 27, '66, chemin Gimenez', 'user2640', 'password123'),
(2641, 2040, 'Martineau', 'Diane', 45, '96, rue de Goncalves', 'user2641', 'password123'),
(2642, 2130, 'Traore', 'Martine', 21, '391, rue Nicolas Bousquet', 'user2642', 'password123'),
(2643, 2027, 'Léger', 'Xavier', 26, '48, rue Dos Santos', 'user2643', 'password123'),
(2644, 2011, 'Raynaud', 'Constance', 42, '83, chemin Hugues Wagner', 'user2644', 'password123'),
(2645, 2097, 'Thomas', 'Émile', 65, '69, chemin de Muller', 'user2645', 'password123'),
(2646, 2163, 'Payet', 'Philippine', 60, '13, boulevard Alex Rodrigues', 'user2646', 'password123'),
(2647, 2019, 'Jacquet', 'Émilie', 38, '82, avenue de Michaud', 'user2647', 'password123'),
(2648, 2181, 'Étienne', 'Émile', 67, '2, rue de Pruvost', 'user2648', 'password123'),
(2649, 2160, 'Bouvier', 'Suzanne', 51, 'rue Blondel', 'user2649', 'password123'),
(2650, 2126, 'Renaud', 'Michelle', 44, 'avenue Morel', 'user2650', 'password123'),
(2651, 2125, 'Fischer', 'Bernard', 49, '47, rue Le Gall', 'user2651', 'password123'),
(2652, 2079, 'Delmas', 'Richard', 67, '21, avenue de Benoit', 'user2652', 'password123'),
(2653, 2155, 'Morin', 'Inès', 38, '104, chemin Alix Peron', 'user2653', 'password123'),
(2654, 2048, 'Vallée', 'Antoine', 34, '124, avenue de Bodin', 'user2654', 'password123'),
(2655, 2184, 'Leclercq', 'Claudine', 18, 'avenue Fernandez', 'user2655', 'password123'),
(2656, 2119, 'Maillot', 'Françoise', 52, '5, rue Guillot', 'user2656', 'password123'),
(2657, 2147, 'Becker', 'Michèle', 69, '1, rue Robin', 'user2657', 'password123'),
(2658, 2120, 'Noël', 'Colette', 70, '685, rue de Grondin', 'user2658', 'password123'),
(2659, 2180, 'Gros', 'Grégoire', 53, '2, chemin de Étienne', 'user2659', 'password123'),
(2660, 2000, 'Fernandez', 'Éric', 51, 'rue de Charrier', 'user2660', 'password123'),
(2661, 2005, 'Fernandes', 'Marianne', 42, '930, chemin Valette', 'user2661', 'password123'),
(2662, 2008, 'Roy', 'William', 60, '222, chemin Hortense Joubert', 'user2662', 'password123'),
(2663, 2023, 'Le Goff', 'Tristan', 42, '5, rue Da Silva', 'user2663', 'password123'),
(2664, 2015, 'Perez', 'Manon', 47, 'boulevard Guillot', 'user2664', 'password123'),
(2665, 2076, 'Morvan', 'Clémence', 61, '3, avenue Thierry Étienne', 'user2665', 'password123'),
(2666, 2148, 'Blondel', 'Alain', 18, '272, rue De Oliveira', 'user2666', 'password123'),
(2667, 2154, 'Laurent', 'Capucine', 44, '61, avenue Fischer', 'user2667', 'password123'),
(2668, 2118, 'Schneider', 'Gérard', 53, '91, rue de Monnier', 'user2668', 'password123'),
(2669, 2109, 'Charrier', 'Martin', 30, '54, avenue Émilie Pottier', 'user2669', 'password123'),
(2670, 2158, 'Bailly', 'Anne', 27, '4, boulevard Hoarau', 'user2670', 'password123'),
(2671, 2097, 'Gillet', 'Alexandria', 31, '2, rue Élodie Roche', 'user2671', 'password123'),
(2672, 2101, 'Delmas', 'René', 34, '23, avenue Guyot', 'user2672', 'password123'),
(2673, 2152, 'Fabre', 'Caroline', 21, '17, rue de Techer', 'user2673', 'password123'),
(2674, 2187, 'Didier', 'Matthieu', 23, 'avenue Benoît Sauvage', 'user2674', 'password123'),
(2675, 2076, 'Robin', 'Claude', 65, '4, boulevard Turpin', 'user2675', 'password123'),
(2676, 2127, 'Colin', 'Margaret', 18, '29, boulevard Lebrun', 'user2676', 'password123'),
(2677, 2132, 'Legendre', 'Inès', 35, '876, rue de David', 'user2677', 'password123'),
(2678, 2156, 'Marion', 'Roger', 61, '7, rue de Vallée', 'user2678', 'password123'),
(2679, 2037, 'Gaudin', 'Bertrand', 26, '676, chemin René Legrand', 'user2679', 'password123'),
(2680, 2100, 'Louis', 'Patrick', 69, '15, avenue Étienne Lesage', 'user2680', 'password123'),
(2681, 2135, 'Breton', 'Daniel', 26, '36, rue de Laine', 'user2681', 'password123'),
(2682, 2007, 'Gay', 'Patrick', 28, '762, chemin Perret', 'user2682', 'password123'),
(2683, 2124, 'Lévy', 'Martin', 20, '558, boulevard Martin Jean', 'user2683', 'password123'),
(2684, 2070, 'Carre', 'Stéphane', 44, 'rue Xavier Pages', 'user2684', 'password123'),
(2685, 2043, 'Jean', 'Laurent', 64, 'rue de Fleury', 'user2685', 'password123'),
(2686, 2100, 'Maréchal', 'Susan', 25, '88, rue de Monnier', 'user2686', 'password123'),
(2687, 2167, 'Pascal', 'Thierry', 30, '17, avenue de Masse', 'user2687', 'password123'),
(2688, 2117, 'Delannoy', 'Emmanuel', 45, '82, boulevard Nicolas De Sousa', 'user2688', 'password123'),
(2689, 2034, 'Chauvin', 'Bernadette', 23, '77, rue Martin Dias', 'user2689', 'password123'),
(2690, 2141, 'Guillon', 'Maggie', 65, '71, avenue Claudine Guillou', 'user2690', 'password123'),
(2691, 2189, 'Traore', 'Laurence', 37, '785, avenue Carlier', 'user2691', 'password123'),
(2692, 2007, 'Pascal', 'Pierre', 56, 'rue Victor Launay', 'user2692', 'password123'),
(2693, 2141, 'Peltier', 'Laure', 46, 'avenue Brigitte Boutin', 'user2693', 'password123'),
(2694, 2087, 'Legrand', 'Adrien', 43, 'rue Roger Fernandez', 'user2694', 'password123'),
(2695, 2029, 'Lefèvre', 'Alain', 37, '63, rue de Poirier', 'user2695', 'password123'),
(2696, 2053, 'Gros', 'Alexandre', 47, '47, chemin Faivre', 'user2696', 'password123'),
(2697, 2191, 'Ferreira', 'Brigitte', 66, '71, avenue Roche', 'user2697', 'password123'),
(2698, 2026, 'Guibert', 'Richard', 67, '25, chemin Schmitt', 'user2698', 'password123'),
(2699, 2129, 'Martins', 'Lucie', 53, '28, rue de Petitjean', 'user2699', 'password123'),
(2700, 2138, 'Gonzalez', 'Christelle', 63, '7, avenue de Marchal', 'user2700', 'password123'),
(2701, 2120, 'Gimenez', 'Gabriel', 42, '6, chemin de Brunet', 'user2701', 'password123'),
(2702, 2127, 'Rolland', 'Suzanne', 31, '30, chemin Christophe Bertin', 'user2702', 'password123'),
(2703, 2052, 'Delahaye', 'Henriette', 29, '7, boulevard de Carlier', 'user2703', 'password123'),
(2704, 2148, 'Pineau', 'Caroline', 40, '54, chemin de Ferreira', 'user2704', 'password123'),
(2705, 2178, 'Breton', 'Manon', 52, '84, avenue de Petit', 'user2705', 'password123'),
(2706, 2096, 'Valentin', 'Sabine', 70, 'avenue de Lefèvre', 'user2706', 'password123'),
(2707, 2055, 'Sanchez', 'René', 38, 'rue Thomas Collet', 'user2707', 'password123'),
(2708, 2158, 'Boucher', 'Isaac', 42, '70, avenue de Fouquet', 'user2708', 'password123'),
(2709, 2120, 'Roy', 'Denis', 53, '87, rue Jean', 'user2709', 'password123'),
(2710, 2098, 'Rousseau', 'Vincent', 67, '673, rue de Sanchez', 'user2710', 'password123'),
(2711, 2091, 'Roy', 'Patrick', 25, '8, chemin de Colas', 'user2711', 'password123'),
(2712, 2062, 'Gaudin', 'Vincent', 65, '8, avenue Philippe', 'user2712', 'password123'),
(2713, 2152, 'Da Costa', 'Raymond', 31, '38, rue de Grégoire', 'user2713', 'password123'),
(2714, 2055, 'Robert', 'Édith', 68, 'rue Marc Blondel', 'user2714', 'password123'),
(2715, 2062, 'Lévêque', 'Zacharie', 21, 'rue Nathalie Philippe', 'user2715', 'password123'),
(2716, 2181, 'Da Costa', 'Élisabeth', 18, '9, chemin Odette Garcia', 'user2716', 'password123'),
(2717, 2072, 'Poulain', 'André', 25, '532, boulevard Stéphanie Dupuy', 'user2717', 'password123'),
(2718, 2083, 'Leconte', 'Marianne', 22, '5, boulevard Barre', 'user2718', 'password123'),
(2719, 2135, 'Teixeira', 'Zoé', 44, '34, avenue Thérèse Morel', 'user2719', 'password123'),
(2720, 2139, 'Blondel', 'Julie', 69, '328, avenue de Ramos', 'user2720', 'password123'),
(2721, 2148, 'Techer', 'Martine', 38, '63, chemin de Dupont', 'user2721', 'password123'),
(2722, 2198, 'Bodin', 'Paulette', 68, '3, avenue Bernard Ferreira', 'user2722', 'password123'),
(2723, 2109, 'Arnaud', 'Louise', 62, '118, rue de Jacques', 'user2723', 'password123'),
(2724, 2073, 'Faure', 'Dominique', 32, '21, chemin Riou', 'user2724', 'password123'),
(2725, 2160, 'Couturier', 'Astrid', 54, '27, boulevard Léon Meunier', 'user2725', 'password123'),
(2726, 2006, 'Bodin', 'Christine', 25, 'chemin Lévêque', 'user2726', 'password123'),
(2727, 2175, 'Collin', 'Inès', 31, '1, avenue Chauveau', 'user2727', 'password123'),
(2728, 2114, 'Delahaye', 'Charlotte', 70, 'boulevard de Launay', 'user2728', 'password123'),
(2729, 2172, 'Diallo', 'Noël', 21, 'chemin Thibault Nicolas', 'user2729', 'password123'),
(2730, 2169, 'Pereira', 'Jacques', 21, '64, chemin Lemaître', 'user2730', 'password123'),
(2731, 2185, 'David', 'Maryse', 20, '77, rue de Baudry', 'user2731', 'password123'),
(2732, 2048, 'Ferrand', 'Françoise', 54, '43, rue de Voisin', 'user2732', 'password123'),
(2733, 2180, 'Carpentier', 'Antoine', 46, 'chemin Carre', 'user2733', 'password123'),
(2734, 2124, 'Bourdon', 'Nathalie', 38, '1, rue Élisabeth Robert', 'user2734', 'password123'),
(2735, 2116, 'Klein', 'Victor', 45, '48, avenue Xavier Couturier', 'user2735', 'password123'),
(2736, 2113, 'Guillet', 'Simone', 39, '22, chemin de Menard', 'user2736', 'password123'),
(2737, 2125, 'Lacroix', 'Joséphine', 65, 'avenue de Pottier', 'user2737', 'password123'),
(2738, 2107, 'Jourdan', 'Benjamin', 32, 'avenue Coste', 'user2738', 'password123'),
(2739, 2198, 'Menard', 'Charlotte', 42, '944, rue Laroche', 'user2739', 'password123'),
(2740, 2072, 'Duval', 'Lucas', 51, '47, rue Guillaume', 'user2740', 'password123'),
(2741, 2069, 'Allard', 'Michèle', 40, 'boulevard Maillet', 'user2741', 'password123'),
(2742, 2007, 'Ribeiro', 'Édouard', 58, '93, rue de Mathieu', 'user2742', 'password123'),
(2743, 2065, 'Brunel', 'Hugues', 62, '498, avenue de Grondin', 'user2743', 'password123'),
(2744, 2122, 'Wagner', 'Vincent', 35, '1, rue Françoise Hoarau', 'user2744', 'password123'),
(2745, 2033, 'Jacob', 'Alfred', 53, '57, avenue Henri Dubois', 'user2745', 'password123'),
(2746, 2166, 'Lemoine', 'Stéphanie', 42, 'rue Vincent Duhamel', 'user2746', 'password123'),
(2747, 2111, 'Perez', 'Arthur', 42, '83, chemin Martins', 'user2747', 'password123'),
(2748, 2036, 'Brunel', 'Bernard', 31, '68, boulevard Virginie Cordier', 'user2748', 'password123'),
(2749, 2064, 'Giraud', 'Alain', 25, '72, rue de François', 'user2749', 'password123'),
(2750, 2180, 'Vidal', 'Isaac', 30, '49, rue Poulain', 'user2750', 'password123'),
(2751, 2177, 'Nicolas', 'Élodie', 68, 'avenue de Prévost', 'user2751', 'password123'),
(2752, 2088, 'Leclercq', 'Benoît', 46, '532, avenue de Arnaud', 'user2752', 'password123'),
(2753, 2079, 'Masson', 'Guy', 44, '290, rue Emmanuel Goncalves', 'user2753', 'password123'),
(2754, 2031, 'Guillot', 'Françoise', 38, 'rue Tanguy', 'user2754', 'password123'),
(2755, 2011, 'Gomez', 'Agnès', 55, '3, chemin de Bourgeois', 'user2755', 'password123'),
(2756, 2143, 'Barbier', 'Arthur', 19, '433, boulevard de Munoz', 'user2756', 'password123'),
(2757, 2027, 'Cordier', 'Bernadette', 61, 'rue Olivier Le Goff', 'user2757', 'password123'),
(2758, 2194, 'Toussaint', 'Éric', 67, '7, rue Camus', 'user2758', 'password123'),
(2759, 2158, 'Labbé', 'Matthieu', 48, '89, boulevard Lefèvre', 'user2759', 'password123'),
(2760, 2131, 'Charles', 'Michèle', 37, '69, rue Gérard', 'user2760', 'password123'),
(2761, 2199, 'Meunier', 'Pauline', 51, '17, boulevard Timothée Dupuy', 'user2761', 'password123'),
(2762, 2040, 'Lecoq', 'Claudine', 55, 'boulevard de Laine', 'user2762', 'password123'),
(2763, 2018, 'Pruvost', 'Dorothée', 56, '57, avenue Andre', 'user2763', 'password123'),
(2764, 2150, 'Denis', 'André', 48, '33, chemin Françoise Guilbert', 'user2764', 'password123'),
(2765, 2077, 'Mathieu', 'Margaux', 47, 'chemin de Morin', 'user2765', 'password123'),
(2766, 2070, 'Tessier', 'David', 23, '95, avenue de Poirier', 'user2766', 'password123'),
(2767, 2063, 'Martineau', 'Monique', 31, 'rue Picard', 'user2767', 'password123'),
(2768, 2059, 'Diallo', 'Alexandria', 70, '783, boulevard Madeleine Pelletier', 'user2768', 'password123'),
(2769, 2082, 'Camus', 'Alix', 21, '80, boulevard Henriette Muller', 'user2769', 'password123'),
(2770, 2120, 'Perez', 'Olivier', 52, '92, boulevard Noémi Legrand', 'user2770', 'password123'),
(2771, 2062, 'Julien', 'Alex', 49, 'boulevard Emmanuel Bailly', 'user2771', 'password123'),
(2772, 2189, 'Cordier', 'Camille', 54, '11, boulevard Labbé', 'user2772', 'password123'),
(2773, 2182, 'Lopes', 'Zoé', 59, '3, chemin Simon', 'user2773', 'password123'),
(2774, 2152, 'Jean', 'Laurence', 62, '497, chemin Roux', 'user2774', 'password123'),
(2775, 2188, 'Gros', 'Honoré', 66, '8, boulevard de Bernard', 'user2775', 'password123'),
(2776, 2068, 'Jacques', 'Aimée', 30, '97, rue de Gimenez', 'user2776', 'password123'),
(2777, 2009, 'Bigot', 'Arthur', 64, '5, rue de Collin', 'user2777', 'password123'),
(2778, 2049, 'Boulay', 'Raymond', 35, '623, chemin Humbert', 'user2778', 'password123'),
(2779, 2185, 'Mallet', 'Éric', 40, '113, boulevard Lambert', 'user2779', 'password123'),
(2780, 2006, 'Muller', 'Pierre', 62, '1, chemin de Mercier', 'user2780', 'password123'),
(2781, 2087, 'Roche', 'Mathilde', 34, 'rue Rémy Marion', 'user2781', 'password123'),
(2782, 2156, 'Schneider', 'Joséphine', 67, '97, chemin Benjamin Masson', 'user2782', 'password123'),
(2783, 2042, 'Maillard', 'Maryse', 23, '11, boulevard Dumont', 'user2783', 'password123'),
(2784, 2117, 'Pages', 'Étienne', 42, '54, avenue de De Oliveira', 'user2784', 'password123'),
(2785, 2194, 'Gros', 'David', 46, '680, boulevard de Foucher', 'user2785', 'password123'),
(2786, 2015, 'Lefort', 'Renée', 47, '9, boulevard de Pinto', 'user2786', 'password123'),
(2787, 2193, 'Collet', 'Xavier', 24, '2, rue Zoé Raynaud', 'user2787', 'password123'),
(2788, 2133, 'Verdier', 'Christine', 36, '38, chemin de Daniel', 'user2788', 'password123'),
(2789, 2086, 'Renaud', 'Luc', 35, '24, rue de Bousquet', 'user2789', 'password123'),
(2790, 2116, 'Lenoir', 'Benoît', 34, '85, avenue Lombard', 'user2790', 'password123'),
(2791, 2127, 'Besson', 'Eugène', 20, '24, avenue de Leconte', 'user2791', 'password123'),
(2792, 2079, 'Roche', 'Adèle', 36, 'rue Marc Lecoq', 'user2792', 'password123'),
(2793, 2099, 'Le Roux', 'Noémi', 31, '10, chemin Dumas', 'user2793', 'password123'),
(2794, 2064, 'Didier', 'Alexandrie', 29, '3, avenue Valérie Daniel', 'user2794', 'password123'),
(2795, 2035, 'Michaud', 'Grégoire', 60, '45, avenue Duval', 'user2795', 'password123'),
(2796, 2114, 'Rousseau', 'Michelle', 44, '76, rue Mathieu', 'user2796', 'password123'),
(2797, 2045, 'Brunel', 'Alexandre', 25, '26, chemin Laetitia Roux', 'user2797', 'password123'),
(2798, 2104, 'Gautier', 'Alice', 67, '7, rue Jacques', 'user2798', 'password123'),
(2799, 2103, 'David', 'Marie', 32, '71, rue Delannoy', 'user2799', 'password123'),
(2800, 2175, 'Pereira', 'Marguerite', 36, '75, chemin Valérie Techer', 'user2800', 'password123'),
(2801, 2156, 'Chartier', 'Thibault', 65, '543, rue de Duhamel', 'user2801', 'password123'),
(2802, 2078, 'Guillet', 'Jeannine', 46, '42, avenue de Gilles', 'user2802', 'password123'),
(2803, 2151, 'Vallée', 'Léon', 22, 'chemin Rivière', 'user2803', 'password123'),
(2804, 2190, 'Dumas', 'Corinne', 37, '74, avenue de Pons', 'user2804', 'password123'),
(2805, 2002, 'Clément', 'Philippine', 66, '2, chemin Pires', 'user2805', 'password123'),
(2806, 2167, 'Pruvost', 'Michel', 40, '42, chemin de Mercier', 'user2806', 'password123'),
(2807, 2195, 'Torres', 'Laetitia', 22, '86, avenue Théophile Ruiz', 'user2807', 'password123'),
(2808, 2102, 'Royer', 'Aurore', 44, '71, avenue Boulanger', 'user2808', 'password123'),
(2809, 2000, 'Evrard', 'Susan', 49, '202, rue Ribeiro', 'user2809', 'password123'),
(2810, 2019, 'Grondin', 'Xavier', 29, '363, avenue Thierry Delahaye', 'user2810', 'password123'),
(2811, 2016, 'Auger', 'Philippe', 51, '1, rue Léon Gosselin', 'user2811', 'password123'),
(2812, 2169, 'Dubois', 'Henri', 40, '5, chemin Muller', 'user2812', 'password123'),
(2813, 2172, 'Rousset', 'Aurore', 60, '53, chemin de Dupré', 'user2813', 'password123'),
(2814, 2156, 'Martins', 'Susanne', 61, '42, rue Potier', 'user2814', 'password123'),
(2815, 2082, 'Faivre', 'Monique', 63, '35, boulevard de Tanguy', 'user2815', 'password123'),
(2816, 2051, 'Muller', 'Anastasie', 57, 'rue de Perez', 'user2816', 'password123'),
(2817, 2055, 'Hervé', 'Marguerite', 20, '7, chemin Anastasie Perrot', 'user2817', 'password123'),
(2818, 2066, 'Lebreton', 'Nath', 68, '60, chemin Lorraine Michaud', 'user2818', 'password123'),
(2819, 2087, 'Rolland', 'Renée', 21, '8, chemin de Wagner', 'user2819', 'password123'),
(2820, 2132, 'Garcia', 'Brigitte', 58, '23, chemin Bernard Robert', 'user2820', 'password123'),
(2821, 2134, 'Martin', 'Anouk', 29, '58, boulevard Laurent Thomas', 'user2821', 'password123'),
(2822, 2134, 'Denis', 'Édouard', 70, '700, boulevard de Andre', 'user2822', 'password123'),
(2823, 2017, 'Dupuis', 'Denise', 51, '84, avenue Jean Olivier', 'user2823', 'password123'),
(2824, 2090, 'Diaz', 'Adrien', 51, '48, boulevard Legrand', 'user2824', 'password123'),
(2825, 2038, 'Letellier', 'Alfred', 49, 'rue Dupont', 'user2825', 'password123'),
(2826, 2063, 'Lelièvre', 'Constance', 28, '63, boulevard Buisson', 'user2826', 'password123'),
(2827, 2104, 'Rey', 'Raymond', 29, 'boulevard de Mace', 'user2827', 'password123'),
(2828, 2155, 'Dubois', 'Joséphine', 44, '60, rue Laporte', 'user2828', 'password123'),
(2829, 2129, 'Petitjean', 'Élise', 19, '61, chemin de Delorme', 'user2829', 'password123'),
(2830, 2014, 'Hoareau', 'Denise', 24, 'chemin Lagarde', 'user2830', 'password123'),
(2831, 2087, 'Fournier', 'Margot', 45, '99, rue Cécile Auger', 'user2831', 'password123'),
(2832, 2197, 'Guillot', 'Frédérique', 51, '47, boulevard Christophe Legros', 'user2832', 'password123'),
(2833, 2132, 'Nguyen', 'Émile', 30, '4, rue Boucher', 'user2833', 'password123'),
(2834, 2131, 'Mace', 'Richard', 65, '61, boulevard Gabrielle Guilbert', 'user2834', 'password123'),
(2835, 2076, 'Besson', 'Chantal', 27, '41, rue Charlotte Loiseau', 'user2835', 'password123'),
(2836, 2178, 'Collin', 'Thérèse', 68, 'avenue Anastasie Baudry', 'user2836', 'password123'),
(2837, 2199, 'Denis', 'Aurélie', 63, '23, chemin de Guyot', 'user2837', 'password123'),
(2838, 2076, 'Fabre', 'Capucine', 40, '346, rue de Arnaud', 'user2838', 'password123'),
(2839, 2130, 'Charles', 'Céline', 64, 'rue Valérie Hervé', 'user2839', 'password123'),
(2840, 2145, 'Becker', 'Augustin', 68, '9, rue Hélène Chauvin', 'user2840', 'password123'),
(2841, 2135, 'Marchand', 'Jeannine', 37, '36, boulevard Léger', 'user2841', 'password123'),
(2842, 2110, 'Bernard', 'Margaux', 62, '57, avenue Julien', 'user2842', 'password123'),
(2843, 2194, 'Blanchet', 'Aurélie', 18, '3, chemin Dupré', 'user2843', 'password123'),
(2844, 2022, 'Gros', 'Jules', 19, 'rue Marcel Lamy', 'user2844', 'password123'),
(2845, 2043, 'Poulain', 'Josette', 69, '2, avenue de Hernandez', 'user2845', 'password123'),
(2846, 2133, 'Lebreton', 'Jean', 50, '3, avenue David Clément', 'user2846', 'password123'),
(2847, 2022, 'Pottier', 'Aimé', 44, '82, rue Gabriel Peron', 'user2847', 'password123'),
(2848, 2009, 'Delorme', 'Hugues', 56, '77, avenue Laine', 'user2848', 'password123'),
(2849, 2038, 'Royer', 'Adèle', 45, '42, boulevard Le Roux', 'user2849', 'password123'),
(2850, 2071, 'Fernandes', 'Sabine', 39, '4, boulevard Gabriel Guyot', 'user2850', 'password123'),
(2851, 2083, 'Menard', 'Olivier', 29, '523, rue Chauvet', 'user2851', 'password123'),
(2852, 2071, 'Thierry', 'Lucy', 67, '4, rue Guillon', 'user2852', 'password123'),
(2853, 2018, 'Maurice', 'Mathilde', 24, '25, rue de Barthelemy', 'user2853', 'password123'),
(2854, 2029, 'Bonnin', 'Victor', 44, '6, avenue Mercier', 'user2854', 'password123'),
(2855, 2169, 'Germain', 'Auguste', 41, '20, avenue Stéphanie Gallet', 'user2855', 'password123'),
(2856, 2179, 'Chevallier', 'Susanne', 23, '91, boulevard de Bernier', 'user2856', 'password123'),
(2857, 2135, 'Hervé', 'Chantal', 68, '43, boulevard Marguerite Garnier', 'user2857', 'password123'),
(2858, 2174, 'Roussel', 'Marianne', 24, '67, avenue Valette', 'user2858', 'password123'),
(2859, 2025, 'Traore', 'Alexandre', 65, '20, chemin Élodie Bigot', 'user2859', 'password123'),
(2860, 2044, 'Simon', 'Anne', 36, '5, avenue Georges Jacquet', 'user2860', 'password123'),
(2861, 2195, 'Hervé', 'Anastasie', 23, '80, rue Théodore Paul', 'user2861', 'password123'),
(2862, 2041, 'Lagarde', 'Philippine', 51, 'rue Arthur Dufour', 'user2862', 'password123'),
(2863, 2060, 'Dupuis', 'Sébastien', 67, '94, avenue de Delattre', 'user2863', 'password123'),
(2864, 2179, 'Bodin', 'Camille', 38, '4, chemin Guillaume Gilbert', 'user2864', 'password123'),
(2865, 2138, 'Roux', 'Alex', 45, 'chemin de Gay', 'user2865', 'password123'),
(2866, 2009, 'Merle', 'Sabine', 33, '898, avenue de Traore', 'user2866', 'password123'),
(2867, 2179, 'Lopes', 'François', 42, '5, boulevard de Guillot', 'user2867', 'password123'),
(2868, 2055, 'Faivre', 'Manon', 39, '35, rue Jeannine Perret', 'user2868', 'password123'),
(2869, 2151, 'Barbier', 'Julie', 67, 'boulevard Leblanc', 'user2869', 'password123'),
(2870, 2006, 'Jacob', 'Marianne', 50, '95, chemin Dupuy', 'user2870', 'password123'),
(2871, 2017, 'Tanguy', 'Maryse', 28, '11, boulevard Lucas Guilbert', 'user2871', 'password123'),
(2872, 2128, 'Labbé', 'Odette', 27, '91, rue Arnaude Pascal', 'user2872', 'password123'),
(2873, 2164, 'Lesage', 'Maggie', 56, '385, chemin Marcel Boutin', 'user2873', 'password123'),
(2874, 2060, 'Gros', 'Zoé', 22, '3, rue Alphonse Maillot', 'user2874', 'password123'),
(2875, 2181, 'Becker', 'Clémence', 25, 'rue Delaunay', 'user2875', 'password123'),
(2876, 2186, 'Gillet', 'Robert', 23, '62, rue Lévy', 'user2876', 'password123'),
(2877, 2036, 'Pereira', 'Audrey', 65, '50, chemin Traore', 'user2877', 'password123'),
(2878, 2163, 'Hoareau', 'Théophile', 19, '28, avenue de Valette', 'user2878', 'password123'),
(2879, 2066, 'Voisin', 'Aurore', 65, '47, rue Marcelle Barre', 'user2879', 'password123'),
(2880, 2050, 'Couturier', 'Roger', 36, '3, chemin de Dufour', 'user2880', 'password123'),
(2881, 2150, 'Lefort', 'Émile', 63, '48, boulevard de Bertrand', 'user2881', 'password123'),
(2882, 2118, 'Maillot', 'Bernard', 54, '220, boulevard Texier', 'user2882', 'password123'),
(2883, 2049, 'Vaillant', 'David', 34, 'chemin de Dubois', 'user2883', 'password123'),
(2884, 2026, 'Rossi', 'Bertrand', 26, '37, chemin Marcel Royer', 'user2884', 'password123'),
(2885, 2090, 'Mendès', 'Michèle', 41, '15, rue Rivière', 'user2885', 'password123'),
(2886, 2182, 'Boutin', 'Anouk', 62, '16, avenue de Lemaire', 'user2886', 'password123'),
(2887, 2165, 'Baron', 'Margot', 30, '11, rue Andrée Diallo', 'user2887', 'password123'),
(2888, 2096, 'Bousquet', 'Claire', 20, '48, chemin Antoinette Dumont', 'user2888', 'password123'),
(2889, 2062, 'Roche', 'Théodore', 43, '327, rue Dorothée Tessier', 'user2889', 'password123'),
(2890, 2064, 'Vallet', 'Marc', 60, '1, rue Blanchard', 'user2890', 'password123'),
(2891, 2150, 'Verdier', 'Margaux', 56, '80, avenue Céline Joubert', 'user2891', 'password123'),
(2892, 2133, 'Breton', 'Tristan', 21, '642, chemin Lemoine', 'user2892', 'password123'),
(2893, 2080, 'Robert', 'Gabriel', 64, '76, avenue de Marchand', 'user2893', 'password123'),
(2894, 2001, 'Marin', 'Raymond', 28, '194, rue Nathalie Chauvet', 'user2894', 'password123'),
(2895, 2196, 'Bouvier', 'Dorothée', 28, '41, rue de Boulay', 'user2895', 'password123'),
(2896, 2172, 'Gros', 'Cécile', 32, '38, rue Vallée', 'user2896', 'password123'),
(2897, 2100, 'Perrier', 'Élisabeth', 58, '6, rue Grondin', 'user2897', 'password123'),
(2898, 2191, 'Meyer', 'Théodore', 46, '93, boulevard Luc Wagner', 'user2898', 'password123'),
(2899, 2059, 'Lebrun', 'Timothée', 50, '371, rue Morvan', 'user2899', 'password123'),
(2900, 2149, 'Costa', 'Georges', 40, '72, avenue de Seguin', 'user2900', 'password123'),
(2901, 2063, 'Guillaume', 'Corinne', 23, 'chemin de Laroche', 'user2901', 'password123'),
(2902, 2049, 'Antoine', 'Hortense', 67, '39, boulevard de Chauvin', 'user2902', 'password123'),
(2903, 2182, 'Gautier', 'Aurore', 38, '49, boulevard de Gimenez', 'user2903', 'password123'),
(2904, 2050, 'Weiss', 'Suzanne', 65, '55, boulevard Dorothée Chrétien', 'user2904', 'password123'),
(2905, 2176, 'Martin', 'Martine', 28, '669, boulevard Honoré Fernandez', 'user2905', 'password123'),
(2906, 2005, 'Dias', 'Claudine', 52, '95, chemin de Jacques', 'user2906', 'password123'),
(2907, 2009, 'Descamps', 'Vincent', 45, '820, chemin Riou', 'user2907', 'password123'),
(2908, 2031, 'Dijoux', 'Hugues', 62, '97, boulevard de Julien', 'user2908', 'password123'),
(2909, 2083, 'Morvan', 'Michelle', 31, '28, rue Bouchet', 'user2909', 'password123'),
(2910, 2183, 'Colin', 'Michel', 47, '23, chemin de Mace', 'user2910', 'password123'),
(2911, 2085, 'Becker', 'Anastasie', 19, '56, rue Sanchez', 'user2911', 'password123'),
(2912, 2101, 'Chauvin', 'Nath', 54, '307, avenue Jeannine Leconte', 'user2912', 'password123'),
(2913, 2198, 'Coulon', 'Gérard', 41, '5, rue Michel Mace', 'user2913', 'password123'),
(2914, 2148, 'Leroy', 'Julien', 68, '769, avenue Juliette Vasseur', 'user2914', 'password123'),
(2915, 2066, 'Nicolas', 'Capucine', 56, '217, avenue Jean Ferreira', 'user2915', 'password123'),
(2916, 2059, 'Poulain', 'Nathalie', 40, '49, boulevard Couturier', 'user2916', 'password123'),
(2917, 2099, 'Faure', 'Franck', 41, '80, boulevard Navarro', 'user2917', 'password123'),
(2918, 2065, 'Normand', 'Christiane', 58, '85, rue Dorothée Boyer', 'user2918', 'password123'),
(2919, 2039, 'Nguyen', 'Sébastien', 62, '90, boulevard Maurice Bodin', 'user2919', 'password123'),
(2920, 2118, 'Barbe', 'Célina', 18, '56, boulevard Théophile Duval', 'user2920', 'password123'),
(2921, 2070, 'Adam', 'Danielle', 67, '63, rue Muller', 'user2921', 'password123'),
(2922, 2130, 'Dupont', 'Zacharie', 41, '27, boulevard Robin', 'user2922', 'password123'),
(2923, 2027, 'Jacquot', 'Michelle', 46, '70, boulevard Peron', 'user2923', 'password123'),
(2924, 2045, 'Chauveau', 'Robert', 54, '55, chemin Margaud Lambert', 'user2924', 'password123'),
(2925, 2101, 'Petit', 'Audrey', 53, '11, chemin Raymond', 'user2925', 'password123'),
(2926, 2194, 'Boyer', 'Suzanne', 49, '75, rue Olivie Thierry', 'user2926', 'password123'),
(2927, 2080, 'Grondin', 'Sylvie', 57, '13, rue Benjamin Leleu', 'user2927', 'password123'),
(2928, 2163, 'Pons', 'Hugues', 36, '15, rue de Bourdon', 'user2928', 'password123'),
(2929, 2030, 'Hamel', 'Christiane', 29, '758, boulevard Céline Collet', 'user2929', 'password123'),
(2930, 2026, 'Legrand', 'Raymond', 58, '8, avenue Corinne Breton', 'user2930', 'password123'),
(2931, 2092, 'Vidal', 'Sophie', 66, 'chemin de Dijoux', 'user2931', 'password123'),
(2932, 2147, 'Dumont', 'Émile', 52, '197, rue Nathalie Joly', 'user2932', 'password123'),
(2933, 2100, 'Launay', 'Charlotte', 29, '773, rue Gomez', 'user2933', 'password123'),
(2934, 2116, 'Normand', 'Suzanne', 46, '66, boulevard Thibault Lebrun', 'user2934', 'password123'),
(2935, 2036, 'Bertin', 'Guillaume', 53, '52, avenue Lesage', 'user2935', 'password123'),
(2936, 2002, 'Delahaye', 'Claudine', 62, '22, rue Alice Gosselin', 'user2936', 'password123'),
(2937, 2088, 'Clément', 'Édith', 21, '39, avenue Vincent Goncalves', 'user2937', 'password123'),
(2938, 2081, 'Grondin', 'Lucas', 68, 'rue de Costa', 'user2938', 'password123'),
(2939, 2121, 'Lemonnier', 'Thibault', 39, '32, chemin Neveu', 'user2939', 'password123'),
(2940, 2017, 'Vasseur', 'Valentine', 29, '84, chemin Mathilde Delmas', 'user2940', 'password123'),
(2941, 2162, 'Antoine', 'Dominique', 45, '70, chemin Gaudin', 'user2941', 'password123'),
(2942, 2189, 'Sanchez', 'Émile', 31, '59, boulevard Louis', 'user2942', 'password123'),
(2943, 2083, 'Devaux', 'Noémi', 37, '15, rue Sylvie François', 'user2943', 'password123'),
(2944, 2066, 'Bruneau', 'Isabelle', 50, 'rue Susanne Le Gall', 'user2944', 'password123'),
(2945, 2023, 'Lejeune', 'Adrienne', 24, '870, avenue Tristan Henry', 'user2945', 'password123'),
(2946, 2126, 'Regnier', 'Antoine', 33, '560, avenue de Vasseur', 'user2946', 'password123'),
(2947, 2152, 'Pelletier', 'Aimé', 45, '99, boulevard Gérard', 'user2947', 'password123'),
(2948, 2177, 'Bousquet', 'Hortense', 49, '64, boulevard Prévost', 'user2948', 'password123'),
(2949, 2194, 'Neveu', 'Louis', 28, '27, avenue Carlier', 'user2949', 'password123'),
(2950, 2125, 'Barbier', 'Charlotte', 33, '2, chemin de Normand', 'user2950', 'password123'),
(2951, 2090, 'Roche', 'Monique', 26, '458, chemin Mallet', 'user2951', 'password123'),
(2952, 2171, 'Mallet', 'Michelle', 65, 'chemin Langlois', 'user2952', 'password123'),
(2953, 2021, 'Martin', 'William', 58, '3, rue Bertin', 'user2953', 'password123'),
(2954, 2166, 'Gosselin', 'Éric', 20, '27, boulevard Chevallier', 'user2954', 'password123'),
(2955, 2063, 'Moulin', 'Matthieu', 68, '171, rue Hortense Diallo', 'user2955', 'password123'),
(2956, 2154, 'Bonnin', 'Roger', 64, '974, avenue Carre', 'user2956', 'password123'),
(2957, 2080, 'Dumas', 'Colette', 42, '22, rue de Bourdon', 'user2957', 'password123'),
(2958, 2057, 'David', 'Lorraine', 39, '89, avenue Dumas', 'user2958', 'password123'),
(2959, 2089, 'Robin', 'Marianne', 51, 'avenue de Rey', 'user2959', 'password123'),
(2960, 2116, 'Maillot', 'Nathalie', 41, '166, rue de Delattre', 'user2960', 'password123'),
(2961, 2140, 'Bailly', 'Aimée', 18, '23, rue de Leleu', 'user2961', 'password123'),
(2962, 2059, 'Dupont', 'Jeannine', 38, '3, chemin de Ollivier', 'user2962', 'password123'),
(2963, 2066, 'Thierry', 'Sabine', 70, '9, chemin de Hernandez', 'user2963', 'password123'),
(2964, 2004, 'Bonneau', 'Marc', 33, '85, boulevard de Jean', 'user2964', 'password123'),
(2965, 2007, 'Meunier', 'Lucie', 50, '5, rue de Deschamps', 'user2965', 'password123'),
(2966, 2187, 'Imbert', 'Mathilde', 61, '36, boulevard Moulin', 'user2966', 'password123'),
(2967, 2095, 'Teixeira', 'Éric', 65, '3, boulevard de Michel', 'user2967', 'password123'),
(2968, 2167, 'Raymond', 'Élodie', 67, '804, boulevard William Marin', 'user2968', 'password123'),
(2969, 2123, 'Briand', 'Laurent', 54, '75, rue Marie', 'user2969', 'password123'),
(2970, 2114, 'Marchal', 'Frédéric', 51, '27, boulevard Guillaume Dupont', 'user2970', 'password123'),
(2971, 2034, 'Masson', 'Amélie', 48, '971, rue William Pruvost', 'user2971', 'password123'),
(2972, 2040, 'Buisson', 'Alexandrie', 51, '39, rue Alain Paris', 'user2972', 'password123'),
(2973, 2137, 'Perret', 'Tristan', 29, '47, rue Rousseau', 'user2973', 'password123'),
(2974, 2142, 'Bourgeois', 'Robert', 58, 'rue Baudry', 'user2974', 'password123'),
(2975, 2103, 'Jacques', 'Chantal', 22, 'rue Guichard', 'user2975', 'password123'),
(2976, 2156, 'Lefort', 'Benjamin', 30, 'avenue Valentine Gros', 'user2976', 'password123'),
(2977, 2121, 'Martel', 'Adélaïde', 64, '97, rue Aubert', 'user2977', 'password123'),
(2978, 2199, 'Menard', 'Théodore', 19, '33, chemin Faure', 'user2978', 'password123'),
(2979, 2152, 'Lefèvre', 'Thibaut', 49, '4, rue Noël', 'user2979', 'password123'),
(2980, 2099, 'Bouchet', 'Anaïs', 28, '8, rue Honoré Labbé', 'user2980', 'password123'),
(2981, 2054, 'Lopez', 'Marc', 65, 'chemin Aimé Cousin', 'user2981', 'password123'),
(2982, 2146, 'Ollivier', 'Olivie', 26, '66, avenue Nicole Loiseau', 'user2982', 'password123'),
(2983, 2065, 'Louis', 'Pénélope', 41, '8, rue Lagarde', 'user2983', 'password123'),
(2984, 2082, 'Weiss', 'Nicolas', 63, '7, chemin Michèle Blanc', 'user2984', 'password123'),
(2985, 2028, 'Lacroix', 'Victor', 60, '74, rue Hamel', 'user2985', 'password123'),
(2986, 2154, 'Girard', 'Adélaïde', 29, 'rue Ribeiro', 'user2986', 'password123'),
(2987, 2052, 'Maillet', 'Denis', 20, 'rue Alphonse Pruvost', 'user2987', 'password123'),
(2988, 2116, 'Descamps', 'Jacques', 51, '31, boulevard Christelle Toussaint', 'user2988', 'password123'),
(2989, 2004, 'Alexandre', 'Corinne', 32, '59, rue de Colas', 'user2989', 'password123'),
(2990, 2099, 'Foucher', 'René', 48, '79, avenue de Lejeune', 'user2990', 'password123'),
(2991, 2030, 'Maurice', 'Victor', 63, 'rue Delorme', 'user2991', 'password123'),
(2992, 2010, 'Bousquet', 'Suzanne', 45, '74, rue de Buisson', 'user2992', 'password123'),
(2993, 2145, 'David', 'Jérôme', 37, '71, boulevard de Benoit', 'user2993', 'password123'),
(2994, 2147, 'Berger', 'Gabrielle', 51, 'rue de Guichard', 'user2994', 'password123'),
(2995, 2046, 'Cousin', 'Marguerite', 32, '495, avenue Bouvier', 'user2995', 'password123'),
(2996, 2089, 'Dupont', 'Marguerite', 29, 'chemin Toussaint', 'user2996', 'password123'),
(2997, 2025, 'Brunet', 'Clémence', 53, 'rue Aurore Bazin', 'user2997', 'password123'),
(2998, 2128, 'Sanchez', 'Claire', 18, '74, rue de Schneider', 'user2998', 'password123'),
(2999, 2187, 'Duhamel', 'Renée', 45, '73, boulevard Marthe Chauveau', 'user2999', 'password123');

-- 3. Insertion des rôles spécifiques

INSERT INTO Admin (numAdmin, dateDebut) VALUES
(2000, '2024-01-01');

INSERT INTO President (numPresident, dateDebut, prime) VALUES
(2419, '2023-11-11', 1815),
(2938, '2023-05-17', 1570),
(2253, '2024-02-18', 1433),
(2683, '2024-02-20', 1996),
(2514, '2023-10-18', 1800),
(2250, '2023-05-10', 1905),
(2304, '2024-04-18', 1265),
(2409, '2024-08-06', 1964),
(2226, '2024-03-29', 1828),
(2828, '2023-12-01', 1763),
(2905, '2024-01-22', 1551),
(2686, '2023-05-12', 1439),
(2625, '2024-08-13', 1041),
(2646, '2023-02-04', 1924),
(2067, '2023-05-07', 1265),
(2333, '2023-06-24', 1161),
(2112, '2024-01-16', 1234),
(2562, '2024-08-10', 1947),
(2620, '2024-05-20', 1664),
(2064, '2023-05-17', 1940),
(2289, '2024-06-04', 1189),
(2776, '2023-05-21', 1904),
(2162, '2024-05-16', 1467),
(2080, '2024-05-30', 1336),
(2241, '2023-07-02', 1007),
(2974, '2024-11-23', 1969),
(2318, '2023-11-17', 1619),
(2394, '2024-03-27', 1739),
(2751, '2024-01-13', 1268),
(2077, '2023-07-24', 1628),
(2082, '2023-03-31', 1151),
(2632, '2024-04-15', 1935),
(2075, '2023-08-29', 1373),
(2071, '2023-08-02', 1912),
(2910, '2024-10-12', 1410),
(2329, '2024-01-06', 1615),
(2807, '2024-02-17', 1326),
(2976, '2024-05-03', 1404),
(2091, '2024-10-28', 1945),
(2975, '2023-12-15', 1550),
(2444, '2024-04-11', 1415),
(2572, '2023-09-30', 1001),
(2259, '2023-07-03', 1438),
(2659, '2023-10-22', 1752),
(2924, '2023-08-12', 1073),
(2450, '2023-12-14', 1427),
(2497, '2023-02-19', 1449),
(2470, '2024-10-02', 1059),
(2930, '2024-06-19', 1797),
(2556, '2024-02-03', 1339),
(2445, '2024-11-09', 1695),
(2665, '2024-06-08', 1141),
(2649, '2023-04-23', 1445),
(2281, '2024-03-01', 1830),
(2944, '2023-05-05', 1370),
(2764, '2023-04-15', 1923),
(2074, '2023-02-10', 1670),
(2017, '2025-01-03', 1356),
(2696, '2024-08-03', 1916),
(2551, '2024-02-04', 1530),
(2231, '2023-12-17', 1855),
(2549, '2024-12-10', 1895),
(2191, '2023-10-15', 1249),
(2997, '2024-02-19', 1314),
(2784, '2023-08-08', 1930),
(2309, '2024-07-12', 1515),
(2468, '2023-03-09', 1288),
(2084, '2023-07-30', 1607),
(2747, '2024-06-07', 1848),
(2740, '2023-06-21', 1171),
(2154, '2023-03-22', 1273),
(2001, '2023-08-03', 1712),
(2876, '2024-11-25', 1756),
(2869, '2023-11-03', 1049),
(2058, '2024-01-31', 1630),
(2224, '2024-12-13', 1930),
(2984, '2024-11-06', 1250),
(2790, '2023-06-01', 1137),
(2852, '2023-06-24', 1387),
(2485, '2023-12-01', 1277),
(2446, '2024-02-14', 1587),
(2227, '2023-05-31', 1131),
(2216, '2023-06-08', 1190),
(2831, '2023-06-20', 1850),
(2821, '2023-12-21', 1417),
(2218, '2023-09-22', 1011),
(2189, '2023-10-17', 1115),
(2027, '2023-11-30', 1389),
(2806, '2024-06-02', 1634),
(2868, '2024-01-20', 1118),
(2728, '2024-09-01', 1585),
(2898, '2024-05-18', 1304),
(2282, '2024-12-23', 1627),
(2966, '2023-11-24', 1252),
(2201, '2023-11-30', 1399),
(2841, '2023-03-19', 1278),
(2284, '2024-05-07', 1325),
(2163, '2024-12-01', 1509),
(2440, '2024-08-12', 1880),
(2278, '2024-02-12', 1247);

INSERT INTO Evaluateur (numEvaluateur, specialite) VALUES
(2108, 'Dessin'),
(2915, 'Art contemporain'),
(2595, 'Sculpture'),
(2694, 'Digital'),
(2749, 'Digital'),
(2480, 'Sculpture'),
(2051, 'Sculpture'),
(2931, 'Sculpture'),
(2000, 'Peinture'),
(2697, 'Sculpture'),
(2988, 'Art contemporain'),
(2233, 'Digital'),
(2609, 'Art contemporain'),
(2985, 'Peinture'),
(2225, 'Art contemporain'),
(2422, 'Sculpture'),
(2675, 'Peinture'),
(2844, 'Dessin'),
(2199, 'Sculpture'),
(2808, 'Peinture'),
(2023, 'Sculpture'),
(2897, 'Sculpture'),
(2274, 'Digital'),
(2633, 'Art contemporain'),
(2389, 'Art contemporain'),
(2214, 'Peinture'),
(2090, 'Digital'),
(2529, 'Sculpture'),
(2073, 'Sculpture'),
(2968, 'Dessin'),
(2157, 'Digital'),
(2748, 'Peinture'),
(2114, 'Sculpture'),
(2119, 'Digital'),
(2263, 'Digital'),
(2818, 'Dessin'),
(2703, 'Digital'),
(2724, 'Dessin'),
(2591, 'Art contemporain'),
(2939, 'Dessin'),
(2264, 'Digital'),
(2859, 'Peinture'),
(2577, 'Digital'),
(2127, 'Digital'),
(2055, 'Dessin'),
(2420, 'Digital'),
(2846, 'Peinture'),
(2731, 'Dessin'),
(2311, 'Sculpture'),
(2941, 'Art contemporain'),
(2811, 'Sculpture'),
(2013, 'Sculpture'),
(2244, 'Digital'),
(2489, 'Sculpture'),
(2373, 'Sculpture'),
(2093, 'Art contemporain'),
(2172, 'Dessin'),
(2341, 'Art contemporain'),
(2168, 'Sculpture'),
(2860, 'Art contemporain'),
(2548, 'Peinture'),
(2220, 'Dessin'),
(2217, 'Sculpture'),
(2403, 'Digital'),
(2198, 'Digital'),
(2667, 'Art contemporain'),
(2120, 'Art contemporain'),
(2550, 'Peinture'),
(2404, 'Peinture'),
(2803, 'Digital'),
(2499, 'Digital'),
(2531, 'Dessin'),
(2783, 'Sculpture'),
(2622, 'Peinture'),
(2660, 'Dessin'),
(2088, 'Dessin'),
(2110, 'Digital'),
(2186, 'Digital'),
(2500, 'Sculpture'),
(2331, 'Dessin'),
(2677, 'Art contemporain'),
(2890, 'Digital'),
(2165, 'Peinture'),
(2827, 'Art contemporain'),
(2021, 'Art contemporain'),
(2476, 'Sculpture'),
(2801, 'Sculpture'),
(2977, 'Digital'),
(2335, 'Sculpture'),
(2057, 'Peinture'),
(2330, 'Digital'),
(2936, 'Digital'),
(2383, 'Art contemporain'),
(2287, 'Art contemporain'),
(2148, 'Sculpture'),
(2825, 'Digital'),
(2298, 'Art contemporain'),
(2687, 'Art contemporain'),
(2512, 'Digital'),
(2797, 'Art contemporain'),
(2487, 'Art contemporain'),
(2795, 'Dessin'),
(2671, 'Dessin'),
(2488, 'Digital'),
(2989, 'Peinture'),
(2796, 'Peinture'),
(2676, 'Digital'),
(2301, 'Sculpture'),
(2822, 'Digital'),
(2185, 'Sculpture'),
(2587, 'Digital'),
(2684, 'Dessin'),
(2412, 'Sculpture'),
(2596, 'Art contemporain'),
(2526, 'Art contemporain'),
(2875, 'Dessin'),
(2260, 'Sculpture'),
(2569, 'Sculpture'),
(2867, 'Art contemporain'),
(2809, 'Dessin'),
(2597, 'Dessin'),
(2033, 'Peinture'),
(2666, 'Peinture'),
(2902, 'Peinture'),
(2960, 'Peinture'),
(2104, 'Sculpture'),
(2773, 'Peinture'),
(2655, 'Sculpture'),
(2273, 'Dessin'),
(2617, 'Dessin'),
(2118, 'Peinture'),
(2354, 'Art contemporain'),
(2782, 'Digital'),
(2314, 'Art contemporain'),
(2515, 'Dessin'),
(2079, 'Sculpture'),
(2279, 'Art contemporain'),
(2901, 'Digital'),
(2940, 'Peinture'),
(2360, 'Art contemporain'),
(2342, 'Digital'),
(2061, 'Dessin'),
(2277, 'Dessin'),
(2958, 'Dessin'),
(2410, 'Dessin'),
(2691, 'Dessin'),
(2978, 'Sculpture'),
(2455, 'Dessin'),
(2710, 'Dessin'),
(2203, 'Dessin'),
(2352, 'Sculpture'),
(2772, 'Peinture'),
(2856, 'Digital'),
(2816, 'Digital'),
(2621, 'Dessin'),
(2588, 'Dessin'),
(2399, 'Art contemporain'),
(2557, 'Art contemporain'),
(2018, 'Digital'),
(2117, 'Art contemporain'),
(2717, 'Art contemporain'),
(2406, 'Digital'),
(2184, 'Art contemporain'),
(2122, 'Peinture'),
(2892, 'Peinture'),
(2337, 'Dessin'),
(2906, 'Digital'),
(2879, 'Peinture'),
(2673, 'Digital'),
(2820, 'Digital'),
(2923, 'Digital'),
(2237, 'Dessin'),
(2043, 'Dessin'),
(2935, 'Dessin'),
(2598, 'Digital'),
(2382, 'Peinture'),
(2788, 'Art contemporain'),
(2315, 'Dessin'),
(2190, 'Art contemporain'),
(2232, 'Digital'),
(2234, 'Dessin'),
(2130, 'Art contemporain'),
(2921, 'Dessin'),
(2895, 'Digital'),
(2981, 'Dessin'),
(2744, 'Art contemporain'),
(2909, 'Sculpture'),
(2449, 'Sculpture'),
(2594, 'Sculpture'),
(2456, 'Digital'),
(2416, 'Sculpture'),
(2236, 'Art contemporain'),
(2249, 'Sculpture'),
(2461, 'Sculpture'),
(2325, 'Peinture'),
(2126, 'Dessin'),
(2541, 'Sculpture'),
(2545, 'Digital'),
(2537, 'Art contemporain'),
(2787, 'Digital');

INSERT INTO Competiteur (numCompetiteur, datePremiereParticipation) VALUES
(2635, '2025-01-14'),
(2861, '2024-08-27'),
(2246, '2024-02-16'),
(2370, '2024-12-01'),
(2200, '2024-12-17'),
(2355, '2024-03-17'),
(2532, '2024-08-13'),
(2481, '2024-09-26'),
(2873, '2024-05-02'),
(2530, '2024-06-01'),
(2699, '2025-01-12'),
(2179, '2024-01-30'),
(2914, '2024-11-21'),
(2759, '2024-09-21'),
(2980, '2024-10-03'),
(2056, '2024-06-27'),
(2832, '2024-09-08'),
(2405, '2024-08-13'),
(2690, '2024-04-14'),
(2012, '2024-12-25'),
(2060, '2024-12-17'),
(2062, '2024-07-27'),
(2319, '2024-05-31'),
(2612, '2024-04-14'),
(2293, '2024-03-21'),
(2865, '2024-04-10'),
(2034, '2024-03-04'),
(2300, '2024-04-22'),
(2436, '2024-05-05'),
(2713, '2024-02-29'),
(2176, '2024-11-07'),
(2147, '2024-10-16'),
(2439, '2024-02-15'),
(2854, '2024-08-11'),
(2606, '2024-07-19'),
(2026, '2024-09-27'),
(2604, '2024-03-21'),
(2805, '2024-09-06'),
(2745, '2024-07-14'),
(2848, '2024-11-16'),
(2705, '2024-07-22'),
(2211, '2024-05-10'),
(2132, '2024-03-23'),
(2887, '2024-08-03'),
(2415, '2024-05-14'),
(2193, '2024-12-02'),
(2752, '2024-01-21'),
(2702, '2024-10-31'),
(2791, '2024-11-04'),
(2490, '2024-03-04'),
(2386, '2024-02-15'),
(2206, '2024-01-21'),
(2402, '2024-03-21'),
(2221, '2024-07-06'),
(2121, '2024-05-14'),
(2242, '2024-07-12'),
(2256, '2024-08-15'),
(2826, '2024-08-03'),
(2239, '2024-08-23'),
(2102, '2024-02-16'),
(2384, '2024-08-17'),
(2029, '2024-01-22'),
(2109, '2024-08-08'),
(2340, '2024-02-15'),
(2359, '2024-06-09'),
(2248, '2024-04-09'),
(2247, '2025-01-18'),
(2786, '2024-09-05'),
(2197, '2024-12-01'),
(2736, '2024-11-08'),
(2425, '2024-06-14'),
(2265, '2024-05-08'),
(2847, '2024-01-23'),
(2484, '2024-06-09'),
(2365, '2024-12-08'),
(2733, '2024-07-18'),
(2089, '2024-03-17'),
(2003, '2024-03-15'),
(2583, '2025-01-07'),
(2356, '2024-06-26'),
(2779, '2024-09-22'),
(2664, '2025-01-20'),
(2474, '2024-04-14'),
(2229, '2024-09-19'),
(2262, '2024-11-28'),
(2611, '2024-09-21'),
(2381, '2024-04-24'),
(2138, '2024-03-14'),
(2653, '2024-02-20'),
(2136, '2024-03-18'),
(2276, '2024-11-03'),
(2527, '2024-03-23'),
(2192, '2024-06-23'),
(2885, '2024-06-22'),
(2864, '2024-08-15'),
(2995, '2024-08-21'),
(2926, '2024-12-08'),
(2624, '2024-10-14'),
(2608, '2024-05-27'),
(2107, '2024-12-22'),
(2424, '2024-09-24'),
(2326, '2024-06-27'),
(2006, '2025-01-02'),
(2268, '2025-01-12'),
(2533, '2024-03-29'),
(2202, '2024-02-24'),
(2048, '2024-04-03'),
(2294, '2024-03-14'),
(2521, '2024-07-10'),
(2195, '2024-03-10'),
(2144, '2024-02-16'),
(2149, '2024-02-10'),
(2698, '2024-01-23'),
(2641, '2024-09-15'),
(2320, '2024-04-03'),
(2317, '2024-02-03'),
(2040, '2024-11-26'),
(2762, '2024-03-25'),
(2338, '2024-03-19'),
(2004, '2024-03-03'),
(2457, '2024-05-24'),
(2770, '2024-01-28'),
(2334, '2024-08-09'),
(2674, '2024-04-30'),
(2238, '2024-05-20'),
(2453, '2024-10-11'),
(2695, '2024-11-01'),
(2672, '2025-01-04'),
(2141, '2024-06-19'),
(2030, '2024-08-01'),
(2085, '2024-12-19'),
(2465, '2025-01-02'),
(2567, '2024-08-13'),
(2912, '2024-06-13'),
(2009, '2024-12-26'),
(2568, '2024-08-17'),
(2178, '2024-02-07'),
(2771, '2024-06-29'),
(2714, '2024-10-12'),
(2539, '2024-03-04'),
(2339, '2024-10-01'),
(2781, '2024-05-27'),
(2417, '2024-04-12'),
(2839, '2024-04-13'),
(2718, '2024-11-27'),
(2347, '2024-12-09'),
(2299, '2024-03-17'),
(2668, '2024-03-12'),
(2656, '2024-02-15'),
(2428, '2024-02-22'),
(2753, '2024-06-22'),
(2159, '2024-03-27'),
(2950, '2024-09-21'),
(2766, '2024-06-04'),
(2357, '2024-11-08'),
(2344, '2024-12-17'),
(2967, '2024-11-06'),
(2418, '2025-01-19'),
(2888, '2025-01-18'),
(2900, '2025-01-16'),
(2125, '2024-04-12'),
(2042, '2024-08-31'),
(2146, '2024-06-23'),
(2254, '2024-09-01'),
(2177, '2024-04-19'),
(2097, '2024-06-27'),
(2068, '2024-04-13'),
(2502, '2024-11-15'),
(2407, '2024-05-02'),
(2081, '2024-05-16'),
(2810, '2024-06-01'),
(2255, '2024-08-06'),
(2610, '2024-07-04'),
(2308, '2024-10-26'),
(2913, '2024-03-12'),
(2392, '2024-11-01'),
(2564, '2024-11-24'),
(2245, '2024-11-22'),
(2603, '2024-12-10'),
(2269, '2024-08-13'),
(2467, '2024-10-23'),
(2494, '2024-03-09'),
(2657, '2024-01-23'),
(2350, '2025-01-09'),
(2688, '2024-05-02'),
(2643, '2024-11-23'),
(2448, '2024-02-18'),
(2297, '2024-11-28'),
(2275, '2024-06-01'),
(2433, '2024-05-24'),
(2505, '2024-07-02'),
(2240, '2024-03-18'),
(2804, '2024-11-27'),
(2295, '2024-05-09'),
(2559, '2024-02-24'),
(2155, '2024-02-05'),
(2756, '2024-11-12'),
(2019, '2024-07-05'),
(2353, '2024-10-17'),
(2486, '2024-11-19'),
(2270, '2024-04-18'),
(2794, '2024-10-06'),
(2802, '2024-10-27'),
(2948, '2024-10-02'),
(2094, '2024-11-21'),
(2799, '2024-02-08'),
(2213, '2024-02-29'),
(2151, '2024-05-03'),
(2022, '2024-05-12'),
(2973, '2024-06-25'),
(2508, '2025-01-14'),
(2678, '2024-07-15'),
(2614, '2024-09-25'),
(2813, '2024-12-29'),
(2010, '2024-06-05'),
(2070, '2024-07-21'),
(2543, '2024-07-02'),
(2458, '2024-10-24'),
(2763, '2024-03-25'),
(2135, '2024-03-08'),
(2513, '2024-08-04'),
(2963, '2024-08-07'),
(2953, '2024-02-16'),
(2907, '2024-08-31'),
(2280, '2024-10-07'),
(2800, '2024-09-22'),
(2689, '2024-07-31'),
(2173, '2024-03-19'),
(2780, '2024-02-05'),
(2322, '2024-02-20'),
(2133, '2024-10-07'),
(2441, '2025-01-15'),
(2305, '2024-12-10'),
(2504, '2024-10-17'),
(2640, '2024-08-10'),
(2473, '2024-09-29'),
(2626, '2024-10-07'),
(2954, '2024-08-21'),
(2544, '2024-03-12'),
(2534, '2024-10-19'),
(2922, '2024-12-19'),
(2447, '2024-06-07'),
(2421, '2024-11-05'),
(2491, '2024-08-11'),
(2934, '2024-06-30'),
(2435, '2024-04-16'),
(2492, '2024-09-27'),
(2579, '2024-10-26'),
(2498, '2024-12-20'),
(2964, '2024-01-30'),
(2765, '2024-08-10'),
(2679, '2024-02-07'),
(2823, '2024-08-04'),
(2720, '2024-06-03'),
(2100, '2024-09-12'),
(2730, '2024-08-20'),
(2142, '2024-06-18'),
(2535, '2024-11-07'),
(2630, '2024-09-24'),
(2575, '2024-03-10'),
(2628, '2024-11-22'),
(2507, '2024-08-08'),
(2072, '2024-04-15'),
(2348, '2024-12-14'),
(2296, '2024-08-08'),
(2785, '2024-02-03'),
(2685, '2024-04-23'),
(2701, '2024-07-09'),
(2962, '2024-12-25'),
(2044, '2024-12-13'),
(2101, '2024-02-11'),
(2380, '2024-09-30'),
(2137, '2024-03-04'),
(2188, '2024-03-29'),
(2372, '2024-04-19'),
(2158, '2024-03-22'),
(2738, '2024-04-19'),
(2065, '2024-07-11'),
(2957, '2024-03-21'),
(2434, '2024-01-26'),
(2589, '2024-02-12'),
(2946, '2024-02-07'),
(2631, '2024-09-26'),
(2777, '2024-05-20'),
(2637, '2024-05-16'),
(2092, '2024-09-27'),
(2235, '2024-08-30'),
(2619, '2024-08-24'),
(2210, '2024-03-20'),
(2618, '2024-05-19'),
(2585, '2024-03-19'),
(2647, '2024-04-23'),
(2908, '2024-09-05'),
(2243, '2024-12-26'),
(2704, '2024-09-21'),
(2396, '2024-08-16'),
(2069, '2024-02-16'),
(2999, '2024-04-05'),
(2076, '2024-07-15'),
(2540, '2024-04-13'),
(2629, '2024-08-02'),
(2364, '2024-03-17'),
(2475, '2024-02-20'),
(2011, '2024-09-08'),
(2563, '2024-05-13'),
(2538, '2024-08-23'),
(2920, '2024-05-21'),
(2662, '2024-08-04'),
(2358, '2024-03-14'),
(2345, '2024-07-19'),
(2896, '2024-12-31'),
(2426, '2024-04-01'),
(2991, '2024-05-17'),
(2116, '2024-03-19'),
(2969, '2024-02-10'),
(2483, '2024-05-09'),
(2605, '2024-05-27'),
(2007, '2024-08-29'),
(2884, '2024-08-09'),
(2036, '2024-03-09'),
(2919, '2024-05-04'),
(2228, '2024-11-03'),
(2016, '2024-09-02'),
(2889, '2024-07-20'),
(2414, '2024-10-30'),
(2327, '2024-10-31'),
(2442, '2024-12-09'),
(2883, '2024-05-15'),
(2862, '2024-03-31'),
(2525, '2024-06-16'),
(2623, '2024-11-23'),
(2877, '2024-09-28'),
(2431, '2024-08-23'),
(2874, '2024-12-24'),
(2650, '2025-01-01'),
(2472, '2024-06-03'),
(2152, '2024-09-13'),
(2429, '2024-08-16'),
(2863, '2025-01-13'),
(2050, '2024-08-04'),
(2374, '2024-05-24'),
(2870, '2024-12-10'),
(2553, '2024-04-01'),
(2495, '2024-02-03'),
(2994, '2024-06-09'),
(2947, '2024-03-05'),
(2290, '2024-07-17'),
(2774, '2024-07-02'),
(2932, '2024-12-04'),
(2942, '2024-08-25'),
(2143, '2024-01-29'),
(2411, '2024-10-15'),
(2518, '2024-07-14'),
(2312, '2024-09-14'),
(2613, '2024-04-08'),
(2196, '2024-03-17'),
(2205, '2024-05-12'),
(2815, '2024-06-17'),
(2880, '2024-06-22'),
(2346, '2024-04-01'),
(2313, '2024-10-13'),
(2182, '2024-07-22'),
(2739, '2025-01-17'),
(2367, '2024-05-18'),
(2648, '2024-11-10'),
(2408, '2024-11-13'),
(2362, '2024-03-05'),
(2644, '2024-03-04'),
(2833, '2024-03-11'),
(2522, '2025-01-14'),
(2397, '2024-03-12'),
(2046, '2024-11-30'),
(2851, '2024-03-03'),
(2140, '2024-01-31'),
(2616, '2024-07-30'),
(2251, '2024-06-17'),
(2700, '2024-09-20'),
(2949, '2024-03-21'),
(2095, '2024-03-15'),
(2654, '2024-07-13'),
(2580, '2024-01-29'),
(2083, '2024-12-14'),
(2366, '2024-03-23'),
(2020, '2025-01-13'),
(2750, '2024-09-25'),
(2328, '2024-08-03'),
(2306, '2024-08-25'),
(2059, '2024-07-26'),
(2286, '2024-07-08'),
(2443, '2024-10-29'),
(2767, '2024-12-03'),
(2878, '2024-05-08'),
(2078, '2024-05-04'),
(2571, '2024-09-14'),
(2230, '2024-08-29'),
(2015, '2024-12-02'),
(2824, '2024-06-13'),
(2336, '2024-07-30'),
(2482, '2024-10-24'),
(2836, '2024-03-12');

-- 4. Insertion des Concours
INSERT INTO Concours (numConcours, numPresident, theme, dateDeb, dateFin, etat, nbClub, descriptif, saison, annee) VALUES
(2000, 2077, 'Tradition', '2026-08-11', '2026-09-27', 'attente', 7, 'Plusieurs examiner interrompre entendre. Interrompre cinquante pièce classe rêver croix.', 'automne', 2026),
(2001, 2278, 'Science-fiction', '2024-09-17', '2024-11-30', 'attente', 13, 'Est aller déjà discussion étranger pourquoi habitude sous. Rare recommencer travailler problème peu. Pénétrer pont juste paupière confondre règle terreur.', 'printemps', 2024),
(2002, 2091, 'Mode', '2026-06-22', '2026-08-12', 'resultat', 7, 'Clef droit ce moindre solitude être. Vivre cas vêtir frère. Cours oser cercle frapper professeur.
Alors réflexion choix situation. Également écraser effacer eau veille.', 'printemps', 2026),
(2003, 2071, 'Histoire', '2022-04-19', '2022-07-16', 'attente', 14, 'Entier debout même quelqu''un mourir. Aspect jour commun seuil pourquoi oser mode. Jouer oser selon commander miser surtout intelligence.', 'automne', 2022),
(2004, 2231, 'Mythologie', '2022-06-29', '2022-10-02', 'resultat', 9, 'De calme résoudre sueur recommencer. Mémoire mille vieux demande seuil. Ramasser juste pourtant pendre.', 'ete', 2022),
(2005, 2841, 'Sport', '2025-11-20', '2026-01-22', 'resultat', 10, 'Bas cinq sentier front pouvoir habitude. Inquiétude situation son.
Pierre sembler ouvrir juger. Tuer environ route éternel.', 'printemps', 2025),
(2006, 2218, 'Mythologie', '2024-11-07', '2024-12-07', 'en cours', 9, 'Matin pensée mariage craindre impossible plonger soin. Charge instinct colline guerre considérer autant nu.', 'hiver', 2024),
(2007, 2572, 'Musique', '2023-02-02', '2023-03-09', 'resultat', 20, 'Reculer complet même attitude. Demeurer ministre dur vieillard aventure cou grain.
Causer après chien faute trop. Papa traiter cas pitié plaire toit rejoindre. Point longtemps reste.', 'hiver', 2023),
(2008, 2017, 'Architecture', '2023-01-27', '2023-04-26', 'en cours', 10, 'Lieu signer demande relation simple. Lorsque lueur vie inquiéter. Cause immense sec léger sourire descendre.', 'ete', 2023),
(2009, 2191, 'Environnement', '2024-11-11', '2025-02-11', 'resultat', 17, 'Mériter certain beau remplir impossible lumière l''un étendre. Durer de élément colon discuter montagne. Accompagner article engager rentrer.', 'hiver', 2024),
(2010, 2250, 'Musique', '2026-06-30', '2026-10-11', 'resultat', 15, 'Poids poète rideau dire musique gloire ce bataille. Également pain madame durer rejoindre. Voici accorder colline secours lèvre.', 'printemps', 2026),
(2011, 2163, 'Musique', '2025-11-03', '2026-02-14', 'attente', 10, 'Respecter également immense droite paraître aujourd''hui. Fil ami comme rejeter fidèle absence.', 'ete', 2025),
(2012, 2806, 'Voyage', '2024-02-27', '2024-04-21', 'attente', 20, 'Surtout étudier coin agir situation. Justice jeu marier lui assister.
Chaîne davantage coin fuir soir faible raconter grave. Exister soir président pain.', 'ete', 2024),
(2013, 2001, 'Technologie', '2025-07-31', '2025-09-06', 'en cours', 16, 'Recommencer avenir vivre quelque. Âge plein siècle anglais chair rue.', 'ete', 2025),
(2014, 2224, 'Technologie', '2025-11-16', '2026-03-10', 'attente', 13, 'Scène morceau mort devoir type. Marcher prévoir triste aider déjà désigner nord.', 'hiver', 2025),
(2015, 2514, 'Mythologie', '2025-12-16', '2026-03-21', 'pas commence', 8, 'Renverser être colline non sang oncle. Plante partie rien mensonge atteindre ça examiner.
Gros hors échapper. Frapper l''une ne matin devenir entrer trembler. Considérer venir pauvre.', 'hiver', 2025),
(2016, 2625, 'Histoire', '2023-07-30', '2023-09-16', 'evalue', 15, 'Vêtir angoisse as ton l''une lèvre endormir projet. Obtenir demain fine. Haute exister éteindre d''autres d''autres répondre.', 'hiver', 2023),
(2017, 2450, 'Animal', '2022-09-26', '2022-10-27', 'pas commence', 14, 'Annoncer mine famille accorder. Soutenir certain nerveux espace me chacun glisser. Secret tirer observer parcourir siège.', 'printemps', 2022),
(2018, 2984, 'Gastronomie', '2026-03-12', '2026-04-24', 'evalue', 18, 'Pas étrange marche dur quarante. Caractère troubler poésie seconde.
Façon art terminer paysan crainte encore nourrir. Aider briser accent. Cinq pénétrer bout fixe plein part mêler.', 'printemps', 2026),
(2019, 2966, 'Mode', '2026-02-25', '2026-04-05', 'evalue', 20, 'Réel appeler agent. Un me direction personne premier ton. Main remplir enfermer.
Agir ton madame satisfaire vent dégager. Chacun sable chef savoir.', 'automne', 2026),
(2020, 2468, 'Mode', '2025-08-29', '2025-12-12', 'en cours', 9, 'Ah tel rideau secours ici contenter rire manier. Serrer ligne lors trois loi.
Paraître complètement âme affirmer entretenir droit. Centre lourd militaire devoir.', 'ete', 2025),
(2021, 2686, 'Animal', '2024-02-17', '2024-03-31', 'pas commence', 17, 'Âgé tombe goutte importance fils repousser. Suivre devant genou.
Fête somme puis quart étouffer condition beau. Paquet honte dégager.
Long roi parfois ordre. Prison supposer tellement tenir précieux.', 'printemps', 2024),
(2022, 2625, 'Fantaisie', '2025-04-10', '2025-06-24', 'attente', 20, 'Trou falloir rester odeur. Demande près plan contraire.
Voyage effort taire devoir voisin rang second tache. Garde non aussitôt ligne salle faire entrée inviter. Rentrer calme rire ça blanc montagne.', 'ete', 2025),
(2023, 2077, 'Gastronomie', '2024-10-14', '2024-12-27', 'resultat', 19, 'Départ parent temps étouffer. Conversation mesure soudain plante. Préférer mode page position elle.', 'printemps', 2024),
(2024, 2071, 'Portrait', '2024-04-16', '2024-06-24', 'en cours', 8, 'Révéler promener tout plutôt entrer voir. Être problème raconter déclarer représenter.
Penser entraîner doute jeune vrai. Barbe ferme noir. Quoi côté enfoncer désespoir devoir premier reposer certes.', 'ete', 2024),
(2025, 2201, 'Innovation', '2026-05-12', '2026-08-29', 'attente', 16, 'Rue établir un importance lune réduire puissance. Perdu auteur long se long exécuter doux coûter.
Rejeter faim santé quand deviner ah lui. Toi établir pas.', 'ete', 2026),
(2026, 2551, 'Tradition', '2024-01-10', '2024-03-22', 'pas commence', 18, 'Garçon foi sept frapper. Beau peuple échapper joue beau bientôt éternel. Arracher masse très.
Il retenir campagne réduire. Humide assez plein système. Sien horizon appuyer rire juger.', 'automne', 2024),
(2027, 2728, 'Technologie', '2023-01-17', '2023-03-03', 'pas commence', 18, 'Chaleur toile perdu nuit. Mal sommeil herbe quatre. Rejeter malheur conscience obtenir.', 'hiver', 2023),
(2028, 2446, 'Technologie', '2026-05-09', '2026-07-26', 'resultat', 13, 'Mon trouver révéler moyen. Race proposer tantôt vraiment. Barbe tôt apporter effet hors compte voisin mauvais.
Juger prix soirée fonction cruel expliquer hôtel.', 'ete', 2026),
(2029, 2876, 'Innovation', '2026-04-15', '2026-06-16', 'evalue', 13, 'Paupière promettre mais attendre as. Pied discuter abandonner repousser. Envie demande défaut droite cinq alors.', 'hiver', 2026),
(2030, 2318, 'Portrait', '2025-06-19', '2025-10-09', 'resultat', 17, 'Fermer faux pointe prétendre quel divers accepter. Nu rocher part sauvage. Camarade ignorer abri important.
Chanter centre victime. Pluie chose vide arme saisir vêtir passer résultat.', 'automne', 2025),
(2031, 2278, 'Voyage', '2022-08-10', '2022-11-01', 'attente', 11, 'Arriver ton dessus as terrain réveiller inquiétude. Car rose disparaître durant dont paysage souffler.
Goût d''autres voir compte plaine vraiment condamner.', 'printemps', 2022),
(2032, 2751, 'Fantaisie', '2022-04-30', '2022-08-16', 'pas commence', 8, 'Encore personne transformer gloire répondre vin. Approcher professeur pauvre pays.
Mois entraîner campagne. Habiter delà ouvrage troubler confondre.', 'hiver', 2022),
(2033, 2852, 'Fantaisie', '2025-06-09', '2025-07-13', 'resultat', 11, 'Queue lettre regarder semaine coucher folie. Lueur réserver être dent dire poète lever présent. Santé espace portier. Unique accord supposer partir.', 'hiver', 2025),
(2034, 2910, 'Mythologie', '2023-06-05', '2023-09-15', 'evalue', 17, 'Aspect prince vin suivant palais guère vivre. Retourner souffrir écarter bientôt.
Souvent siège début deviner oeil bientôt pur. Chose seconde falloir choisir lutte dehors. Rang mort service.', 'ete', 2023),
(2035, 2001, 'Ville', '2023-11-12', '2024-02-11', 'attente', 20, 'Cruel valeur choisir politique. Placer grand projet titre force prêter être. Grave chasser chaud céder manier.', 'hiver', 2023),
(2036, 2259, 'Tradition', '2025-11-19', '2026-03-04', 'attente', 12, 'Conclure expression banc solitude passé confondre étonner occuper. Feu rapide ailleurs bruit. Garde phrase arracher autour chaleur prévoir cours.', 'ete', 2025),
(2037, 2064, 'Ville', '2026-12-31', '2027-01-31', 'en cours', 14, 'Position ressembler cour or arracher expérience trait. Doigt fort espoir soin avant. Lune groupe français chanter.', 'printemps', 2026),
(2038, 2162, 'Abstrait', '2026-10-14', '2026-12-08', 'evalue', 15, 'Usage nuage conversation certain son moyen quant à vérité. Craindre doux grâce est commun hôtel.
Remarquer détacher semblable couvrir sortir quand. Avis noir ministre rapide chaleur pourquoi.', 'ete', 2026),
(2039, 2984, 'Culture', '2022-08-29', '2022-11-24', 'en cours', 20, 'Prouver discours neuf dépasser absolument passé âme. Malade songer devant remplir enfin rapidement. Sous faim prison figurer amener hasard.', 'printemps', 2022),
(2040, 2445, 'Abstrait', '2025-03-12', '2025-07-04', 'pas commence', 12, 'Taille fatigue parfaitement. Mêler curiosité approcher en.
Réunir maladie franc quarante éclairer. Ordre fier toi avenir disparaître effacer. Doucement passage fleur règle parfois acte lèvre.', 'hiver', 2025),
(2041, 2394, 'Abstrait', '2023-04-15', '2023-06-18', 'evalue', 10, 'Terme donc maladie froid sang creuser accord. Révolution rendre passage soleil.', 'hiver', 2023),
(2042, 2997, 'Mythologie', '2026-05-11', '2026-08-25', 'pas commence', 16, 'Changer établir notre satisfaire approcher oser supérieur.
Réfléchir circonstance réveiller accuser fauteuil certain plaindre. Droite rose noir travail retour expliquer.', 'hiver', 2026),
(2043, 2868, 'Gastronomie', '2023-02-28', '2023-04-25', 'attente', 8, 'Affirmer sec hiver qualité. Lisser soir souhaiter moyen courir lentement violence. Changer car hésiter.', 'hiver', 2023),
(2044, 2027, 'Technologie', '2025-09-27', '2026-01-18', 'evalue', 7, 'Robe distance soir même ensemble mot aucun. Marier grâce blanc guerre. Éclairer chasse tellement pleurer accomplir.', 'ete', 2025),
(2045, 2470, 'Sport', '2022-10-29', '2022-12-09', 'attente', 14, 'Sourire bataille devenir vaste déjà agent. Grave cacher choisir passé risquer nez retenir. Davantage affirmer permettre résister. Solitude durer impossible pouvoir.', 'printemps', 2022),
(2046, 2444, 'Ville', '2022-04-03', '2022-07-22', 'attente', 13, 'Plonger doute fatigue. Police chant plus idée métier. Permettre immobile sentir endroit éviter fier éviter.', 'hiver', 2022),
(2047, 2304, 'Mythologie', '2024-05-01', '2024-07-12', 'evalue', 15, 'Également fatiguer confier âge.
Absence exposer simple grâce. Livrer souhaiter combien ici détacher plonger. Faible comme marquer. Violence creuser plus.', 'ete', 2024),
(2048, 2231, 'Animal', '2025-04-01', '2025-07-09', 'evalue', 17, 'Tour fille rouge poursuivre. Étaler mal discuter bas muet.
Fermer et usage présent. Simplement traiter soir emporter. Respect exister figurer baisser dominer riche vêtir ci.', 'automne', 2025),
(2049, 2740, 'Innovation', '2025-03-14', '2025-05-17', 'en cours', 16, 'Ouvrage dessus examiner absolu adresser. Bientôt poids usage.', 'ete', 2025),
(2050, 2514, 'Innovation', '2025-03-06', '2025-04-26', 'evalue', 9, 'D''Autres charge courage effort professeur présenter. Grandir troubler vêtir abri monsieur chasser écarter.
Type nuit lutter ton compagnon. Quatre me voie pur quarante briser.', 'printemps', 2025),
(2051, 2074, 'Technologie', '2025-09-07', '2025-11-19', 'pas commence', 20, 'Changer voiture soldat tomber dès. Demande appartenir vague le un. Poids bout examiner ferme.
Secrétaire muet tard écrire ouvert chien pareil. Cela détacher foi droit.', 'printemps', 2025),
(2052, 2841, 'Animal', '2025-03-25', '2025-05-22', 'attente', 13, 'Terreur droit or tapis. Vendre pur préférer. Souvent calme amener couper falloir. Âgé gris protéger partout vaste doucement interrompre.
Mari atteindre peuple peser couler. Chance vie quand aussi.', 'hiver', 2025),
(2053, 2309, 'Architecture', '2022-08-20', '2022-12-04', 'pas commence', 8, 'Circonstance parfaitement chasser fait compte magnifique énergie. Beaucoup aile réveiller nouveau droit franchir dehors porte. Mort beau vide empêcher baisser.', 'automne', 2022),
(2054, 2333, 'Architecture', '2022-10-29', '2022-12-31', 'pas commence', 20, 'Dont gloire quel pousser paraître histoire. Prendre lune mince. Oeuvre dresser page fatiguer. Oublier appartement tour.', 'hiver', 2022),
(2055, 2938, 'Mythologie', '2023-04-29', '2023-08-08', 'en cours', 20, 'Drôle compagnie reconnaître hors. Debout paix préférer debout prendre propre. Terminer ouvert demander arbre trou quart lentement fatigue.', 'printemps', 2023),
(2056, 2309, 'Animal', '2026-08-18', '2026-10-14', 'evalue', 14, 'Reculer âme tout place. Arrière vaste court ou.
Continuer soutenir si présenter note ouvrage jeune fumée. Gens mer conseil ventre intérieur.
Plusieurs glace recommencer rire marier quel perdre.', 'printemps', 2026),
(2057, 2910, 'Technologie', '2023-09-01', '2023-11-06', 'pas commence', 13, 'Déclarer rire remarquer appartenir article mensonge inquiétude. Que user payer salut donc. Témoin faveur cacher en sauter tendre coup.', 'automne', 2023),
(2058, 2930, 'Tradition', '2026-06-16', '2026-07-17', 'resultat', 15, 'Combien préparer moyen connaissance fusil gris. Étude voilà chance quelque étouffer ça maintenant paquet. Pièce mesure étendue mal produire vivre vision.', 'hiver', 2026),
(2059, 2646, 'Ville', '2023-06-11', '2023-07-17', 'evalue', 9, 'Détail chemise quel garder longtemps siège obtenir. Effort calme vague davantage contenter reconnaître quoi. Au seul chasse ce terrible personne propos sol.', 'ete', 2023),
(2060, 2017, 'Mythologie', '2023-10-14', '2023-12-20', 'en cours', 15, 'Intérieur voisin posséder arracher préparer consentir. Partout mariage essayer depuis envie présenter.', 'hiver', 2023),
(2061, 2017, 'Science-fiction', '2024-04-02', '2024-06-15', 'attente', 16, 'Forêt endormir couleur trou. Désespoir doigt fine souffler noire neuf. Emporter approcher comprendre fauteuil battre conclure.', 'hiver', 2024),
(2062, 2966, 'Nature', '2023-11-07', '2024-02-23', 'resultat', 19, 'Note autre dent eau parmi.
Ici avancer trésor troisième figure pièce car.
Fil affaire et nous discussion. Te société demander ancien.', 'hiver', 2023),
(2063, 2445, 'Musique', '2026-06-16', '2026-07-19', 'pas commence', 9, 'Grâce rouler observer rang renoncer.
Posséder impression retomber sou examiner. Remplir yeux regard art.', 'hiver', 2026),
(2064, 2665, 'Ville', '2025-07-30', '2025-11-24', 'en cours', 20, 'Travers arracher curieux personne prévenir exister. Exprimer ni dernier pénétrer.
Frère prendre endroit chaîne entourer confiance groupe.', 'ete', 2025),
(2065, 2154, 'Portrait', '2024-06-14', '2024-09-07', 'en cours', 6, 'Police sable verre maison. Surprendre occasion frère joue résistance interroger distance obtenir.', 'hiver', 2024),
(2066, 2281, 'Tradition', '2022-12-02', '2023-03-10', 'attente', 14, 'Dire pénétrer lever nourrir. Toile répondre froid social ceci mois.
Exister devenir choix ouvert. Discuter jeter frais haine.', 'hiver', 2022),
(2067, 2304, 'Mode', '2025-06-28', '2025-08-23', 'evalue', 7, 'Après travail race quitter donc autre accent. Titre poursuivre roche là. Très étendre empêcher beauté sentir promettre.
Le glace droite gloire bureau avis. Proposer année beau voiture nez droite.', 'printemps', 2025),
(2068, 2776, 'Tradition', '2026-01-04', '2026-04-03', 'evalue', 12, 'Surprendre sentier juste attacher lèvre sûr arbre. Condamner nommer résister drame. Entendre renverser embrasser couche presque lever devant.', 'ete', 2026),
(2069, 2696, 'Environnement', '2027-01-12', '2027-03-03', 'resultat', 14, 'Arrêter réserver fusil. Homme blanc croix grâce deviner haut désigner. Depuis consulter confondre te pièce.
Comme protéger avoir deviner maison.', 'printemps', 2027),
(2070, 2807, 'Mythologie', '2023-03-19', '2023-04-24', 'attente', 20, 'Rien rapport rare toit cause finir. Retenir bon veille devoir.', 'hiver', 2023),
(2071, 2282, 'Science-fiction', '2022-09-01', '2022-11-02', 'pas commence', 20, 'Forme habitant naturel mon oiseau choix. Habitant fille année science. Bien preuve brûler même instant.', 'hiver', 2022),
(2072, 2984, 'Abstrait', '2024-03-11', '2024-05-30', 'attente', 15, 'Figurer rouge barbe apparaître. Air faire entre animer. Aventure jouer que vrai sauter. Phrase chanter dehors nouveau part selon lorsque odeur.', 'automne', 2024),
(2073, 2868, 'Gastronomie', '2026-12-17', '2027-02-15', 'pas commence', 11, 'Vers problème présent vendre pénétrer. Brusquement annoncer renoncer action peau nuage décrire profond.
Premier service dire voix. Passion parvenir mais combien tout charge.', 'printemps', 2026),
(2074, 2091, 'Mythologie', '2024-08-28', '2024-11-03', 'en cours', 8, 'Conseil autrement subir selon ailleurs lutter. Triste fixe rouler.
Intérieur préférer agiter expliquer approcher pencher assez déjà. Prince billet pointe par éclairer capable guerre arriver.', 'automne', 2024),
(2075, 2259, 'Fantaisie', '2023-08-12', '2023-11-04', 'en cours', 19, 'Distance désir d''autres dessus inviter premier donner. Sac glace pauvre.
Cerveau vers amour exemple sien quatre. Entourer fenêtre bas saint grâce recherche hier demande.', 'ete', 2023),
(2076, 2764, 'Voyage', '2023-08-12', '2023-09-12', 'pas commence', 7, 'Papier entendre quinze sein sur. D''Autres droit révolution époque ton durer.
Bruit attitude depuis monsieur.', 'automne', 2023),
(2077, 2966, 'Innovation', '2024-09-24', '2024-12-13', 'en cours', 18, 'Grave sable roman sûr établir briser glisser.
Tombe humide finir saluer table hésiter.', 'automne', 2024),
(2078, 2776, 'Animal', '2025-09-07', '2026-01-03', 'attente', 12, 'Repas tandis que mort et droit. Finir compte larme semblable fonder morceau. Asseoir jeter âgé long.
Très paix parce que sec aujourd''hui abattre.', 'automne', 2025),
(2079, 2218, 'Mode', '2023-07-10', '2023-08-22', 'attente', 12, 'Étudier entre blanc rencontre rue président. Occasion creuser soumettre me. Empire colère mien précieux. Autre espace vague terme assez.', 'hiver', 2023),
(2080, 2944, 'Architecture', '2022-10-06', '2022-11-18', 'resultat', 13, 'Ajouter ouvert rideau chaleur. Que connaissance respect dormir.
Énorme semaine figurer froid fatiguer entourer. Théâtre madame quelque impossible le arrivée. Habiter doux sauter rôle toucher.', 'hiver', 2022),
(2081, 2852, 'Fantaisie', '2026-09-12', '2026-11-29', 'evalue', 12, 'Avis masse appuyer bande machine masse.
Rêver rocher appel gauche. Circonstance signe mode entendre consulter protéger.', 'hiver', 2026),
(2082, 2625, 'Sport', '2024-12-02', '2025-01-01', 'attente', 10, 'Son perdu enfin souvenir créer mort complètement. Là bas prêter public.', 'automne', 2024),
(2083, 2665, 'Ville', '2025-03-29', '2025-07-24', 'resultat', 17, 'Prouver jouer savoir calme souffrance vraiment carte. Rose crainte rapide sorte. Discuter créer sol chaîne.
Prison de ton retirer nourrir prendre. Décrire bras planche signe discuter immense même.', 'automne', 2025),
(2084, 2930, 'Gastronomie', '2023-06-18', '2023-09-29', 'pas commence', 16, 'Souvent dormir fenêtre peser sein lier voyage. Tromper donner mourir riche partager. Joue composer rouler lendemain vin.', 'ete', 2023),
(2085, 2852, 'Abstrait', '2025-11-28', '2026-01-06', 'attente', 8, 'Parfaitement droite rocher servir plan vieil demain. Résultat sang entier accepter saison mal. Auteur oh miser du.
Appeler seuil demande te vision toute espoir autorité.', 'hiver', 2025),
(2086, 2728, 'Fantaisie', '2025-09-12', '2025-10-19', 'attente', 8, 'Pur si phrase lien écarter. Hasard taire renverser retirer vers caresser. Sien oncle accuser dégager.
Baisser heureux prétendre mener. Recueillir tromper assurer personne crainte lire nous.', 'ete', 2025),
(2087, 2514, 'Architecture', '2024-02-07', '2024-05-23', 'resultat', 14, 'Certain en âgé forêt. Mille lutter confondre couvrir dame joue. Miser parole froid monter vieux verre maître.', 'ete', 2024),
(2088, 2419, 'Mythologie', '2023-12-01', '2024-01-09', 'en cours', 16, 'Seigneur petit ouvrir rêve de dix. Prononcer bruit or mener.
Expression charger permettre. Poussière nommer neuf ventre raconter vague ainsi.', 'ete', 2023),
(2089, 2821, 'Histoire', '2023-12-28', '2024-02-28', 'en cours', 17, 'Déposer éclater tempête intérieur barbe. Tracer étage autrefois tu cruel commencer. Crier commander pas de pas. Cruel horizon reste demi sous lors.', 'automne', 2023),
(2090, 2241, 'Tradition', '2024-05-03', '2024-07-07', 'evalue', 10, 'Phrase épaule médecin enfance absolument hasard mettre.
Voisin soulever noir d''autres or changer. Remonter entraîner arrêter terme.', 'hiver', 2024),
(2091, 2938, 'Mode', '2023-08-03', '2023-11-03', 'en cours', 14, 'Siège nom paysan derrière. Remplir désirer dresser déposer étonner. Chair grand groupe exemple docteur en.', 'hiver', 2023),
(2092, 2154, 'Environnement', '2026-09-28', '2026-12-14', 'en cours', 10, 'Contraire midi prêter nerveux respirer âgé dont. Cacher idée passage etc rose prochain. Cela confiance corde désespoir étranger aimer poste.', 'printemps', 2026),
(2093, 2910, 'Musique', '2022-08-29', '2022-10-17', 'en cours', 20, 'Paquet gauche dur afin de expression corde.
Naturellement servir français deux. Hésiter côte mémoire ancien aujourd''hui. Parfaitement pluie avec ramasser.', 'automne', 2022),
(2094, 2058, 'Science-fiction', '2025-10-16', '2026-02-06', 'evalue', 15, 'Couvrir sourire chien car premier étoile. Briser conclure faveur bonheur dehors roi siège meilleur. Quart raconter fer tenter humide.', 'automne', 2025),
(2095, 2163, 'Animal', '2026-06-08', '2026-08-31', 'en cours', 7, 'Loup pareil terme naître étudier difficile. Quelqu''Un sueur précis cela.', 'printemps', 2026),
(2096, 2067, 'Voyage', '2026-04-01', '2026-06-14', 'resultat', 14, 'Droite interroger beaux voler. Tout léger prochain rentrer suivant tout.
Défaut blanc ou naissance cher. Cour extraordinaire avouer source avoir forme. Trop transformer faute étonner surtout.', 'hiver', 2026),
(2097, 2764, 'Portrait', '2025-02-02', '2025-05-08', 'en cours', 8, 'Voyage aucun seconde réfléchir seigneur cas. Entretenir entrée sentier général seulement tendre.', 'printemps', 2025),
(2098, 2984, 'Musique', '2025-01-15', '2025-04-15', 'resultat', 7, 'Épaule désert aujourd''hui réclamer peuple présenter foule te. Garder service l''un été occasion.
Rêver ah étendue. Flamme doute continuer assurer avenir.', 'ete', 2025),
(2099, 2419, 'Musique', '2023-10-09', '2024-02-03', 'en cours', 20, 'Rester partout grand intérieur. Aussi triste aide horizon monter. Partir troisième dresser traverser.
Raconter dimanche toute ciel entraîner. Pendre aussitôt noir.', 'ete', 2023),
(2100, 2289, 'Technologie', '2025-02-05', '2025-04-22', 'attente', 16, 'Attaquer nul rue classe vent leur. Revenir éloigner ennemi tromper. Jouer valoir naître masse.
Soutenir rompre habiter grave ennemi été tête. Etc recherche ceci oui.', 'hiver', 2025),
(2101, 2446, 'Fantaisie', '2023-09-08', '2023-11-15', 'resultat', 14, 'Portier son durer assister envie. Mari spectacle côté profiter fort.
Haut son ce un couvrir aile satisfaire. Drame doucement rocher aller. Table dormir résultat révolution auteur dresser vague.', 'ete', 2023),
(2102, 2444, 'Environnement', '2024-03-06', '2024-06-06', 'attente', 15, 'Là souffrance titre enfant. Pied marquer coeur rentrer avec glisser soutenir.', 'printemps', 2024),
(2103, 2975, 'Histoire', '2025-10-01', '2026-01-25', 'pas commence', 13, 'Jeunesse mauvais lire éprouver eau demi ferme crier. Bras long sonner curiosité conclure quartier durer. Franc retirer lèvre livrer. Sourire partout trace heureux entier signifier.', 'printemps', 2025),
(2104, 2572, 'Science-fiction', '2023-10-15', '2023-12-24', 'resultat', 8, 'Tache fou bord prévenir succès souffrance médecin. Avancer quart bande bien semblable fort trou trou.', 'automne', 2023),
(2105, 2218, 'Gastronomie', '2022-10-27', '2023-02-17', 'resultat', 12, 'Nord clef préférer spectacle beau arrêter. Valeur couvrir comme poste.
Anglais après sens course aller. Cacher attacher coûter habitude lors.', 'printemps', 2022),
(2106, 2572, 'Abstrait', '2023-03-23', '2023-05-18', 'en cours', 16, 'Unique morceau creuser plutôt réel. Réserver enfance alors moins maison.
Eaux préférer enfermer preuve. Comment valoir tel consentir calme précis.', 'automne', 2023),
(2107, 2807, 'Voyage', '2023-07-21', '2023-10-20', 'evalue', 20, 'Lorsque inquiétude animal meilleur annoncer premier camarade. Nez remarquer coup fatiguer.', 'printemps', 2023),
(2108, 2831, 'Nature', '2025-04-09', '2025-05-17', 'en cours', 17, 'Endormir tranquille causer foule sept gens. Briser secrétaire profiter commencer.
Intérieur fille politique dessus nom. Ceci moi direction huit inventer clef courant permettre.', 'automne', 2025),
(2109, 2071, 'Mythologie', '2026-11-20', '2027-02-11', 'evalue', 13, 'Ennemi véritable papa prochain âgé secrétaire. Comment grand droite. Veiller devoir contraire sourire vieillard.', 'hiver', 2026),
(2110, 2747, 'Voyage', '2023-06-27', '2023-07-31', 'pas commence', 11, 'Ne pointe révolution. Absolument plonger avant résister rose. Enfoncer peau important palais blond asseoir.
Songer plaindre tant ferme. Jeune imaginer atteindre. Dégager conseil vieil y ajouter pays.', 'printemps', 2023),
(2111, 2806, 'Nature', '2025-02-27', '2025-06-04', 'attente', 11, 'Demande écrire près certes souffrance. Emporter simple rapporter habitude fin. Doux réunir troubler membre lumière. Passé nourrir calme point réunir souvenir.', 'automne', 2025),
(2112, 2740, 'Fantaisie', '2026-06-14', '2026-10-06', 'resultat', 6, 'Semblable choisir avenir traverser. Défaut triste compagnie. Changer intéresser supporter frais allumer seconde.', 'automne', 2026),
(2113, 2876, 'Science-fiction', '2023-02-08', '2023-04-20', 'resultat', 19, 'Confondre trembler sentir chute. Trop important bande service voisin profond.
Appartement police pur dans atteindre mettre marchand.', 'hiver', 2023),
(2114, 2309, 'Nature', '2026-03-17', '2026-05-27', 'attente', 10, 'Toucher deviner cruel grand franc fixer montrer. D''Abord inquiétude drôle jardin seul vêtir banc.', 'automne', 2026),
(2115, 2485, 'Musique', '2025-11-19', '2026-03-16', 'evalue', 20, 'Éclairer tourner patron demi fête. Pencher ressembler rendre vieux rue affirmer ramener. Manier sembler compagnie.', 'hiver', 2025),
(2116, 2259, 'Sport', '2022-06-20', '2022-10-10', 'attente', 18, 'Lit conscience cependant recherche suite lumière pensée. Pendant exiger début prière allumer renverser. Charge circonstance droit remplir.', 'printemps', 2022),
(2117, 2514, 'Abstrait', '2023-09-03', '2023-10-04', 'evalue', 16, 'Inspirer odeur public paupière haut loi savoir. Peur dormir ensemble. Forêt joie paraître montrer rouler. Autant serrer triste déclarer atteindre.', 'ete', 2023),
(2118, 2938, 'Innovation', '2025-09-23', '2025-11-22', 'pas commence', 12, 'Relever changement prix époque. Aussi rayon soi partout oeil. Monde petit tantôt désir où.', 'printemps', 2025),
(2119, 2446, 'Mythologie', '2022-11-16', '2022-12-31', 'resultat', 9, 'Sable revoir exiger dont. Fatigue chanter poésie.
Certain fatigue tant. Cause rentrer juste avant toi. Soin émotion vieux auteur chat instant livrer.', 'hiver', 2022),
(2120, 2975, 'Science-fiction', '2022-04-29', '2022-08-04', 'attente', 7, 'Quel tantôt respirer mourir crainte. As dès marier tache. Poids or armée répéter couper.
Profiter succès sonner enfermer.', 'ete', 2022),
(2121, 2250, 'Voyage', '2022-10-31', '2023-02-12', 'attente', 17, 'Importance proposer droit fou nature crainte. Moins soumettre mari visible.
Obliger port moindre sourire. Mari aider adresser beaucoup non.', 'printemps', 2022),
(2122, 2572, 'Voyage', '2026-12-03', '2027-02-15', 'pas commence', 14, 'Signe connaissance huit fort gauche tour. Demain poursuivre lieu couleur point proposer intention chute.
Mourir repousser certain bientôt. Respecter mieux colline au chair rayon.', 'printemps', 2026),
(2123, 2562, 'Mythologie', '2024-05-01', '2024-08-06', 'attente', 16, 'Forcer femme armer endroit fond tout. Armée anglais pendant hors vivant entourer danser. Race casser façon fin flot partager vieil.
Devant cesse deviner part attirer. Partir froid mille siècle.', 'hiver', 2024),
(2124, 2231, 'Tradition', '2024-06-22', '2024-10-18', 'attente', 10, 'Fier croiser selon arracher réserver. Dehors toute briser possible devant serrer. Rare danser croiser remercier tenter réfléchir dans croix.', 'printemps', 2024),
(2125, 2084, 'Musique', '2023-04-27', '2023-07-29', 'resultat', 17, 'Aider recevoir chez lentement carte liberté. Étouffer croiser abri secret riche si donc. Mal malade sentir fuir.', 'ete', 2023),
(2126, 2683, 'Mode', '2022-06-03', '2022-09-19', 'attente', 13, 'Croiser dégager écraser commencer et.
Réflexion ventre offrir en. Inventer énergie science ramener.
Mon chambre trésor bon. Souvenir plaindre divers curiosité point.', 'automne', 2022),
(2127, 2747, 'Science-fiction', '2025-01-10', '2025-02-28', 'evalue', 18, 'Tirer interroger taire curiosité. Poitrine secours françois feuille mer.
Devant obliger voie livrer valoir vouloir mariage manier. Effort sentier vite chat écraser fermer on.', 'ete', 2025),
(2128, 2231, 'Innovation', '2025-09-09', '2025-12-17', 'attente', 7, 'Âge effacer métier danser général appuyer. Reconnaître autre être montrer.
Flot vision article ailleurs près. Et trésor nuage aller chair retirer tourner. Unique montrer saint mince autre.', 'hiver', 2025),
(2129, 2665, 'Science-fiction', '2025-04-27', '2025-08-08', 'pas commence', 12, 'Carte avec flot camarade lequel taille visage moitié. Faire haut peser hasard naturellement. Visage enlever commencement action fort hésiter.', 'printemps', 2025),
(2130, 2497, 'Sport', '2023-07-01', '2023-08-05', 'en cours', 9, 'Celui faire cou casser nord. Fidèle pensée très son. Poser déposer soleil lutte résistance de.', 'ete', 2023),
(2131, 2632, 'Fantaisie', '2024-01-11', '2024-05-06', 'attente', 20, 'Retirer mot tout réveiller gros car étonner curieux. Port rose enfin heureux consentir. Élément peur arracher demander fenêtre glace.', 'hiver', 2024),
(2132, 2284, 'Tradition', '2024-07-09', '2024-09-09', 'evalue', 10, 'Époque tracer chant centre miser doux pourtant frapper. Sérieux porter rayon visage silencieux franchir lumière.', 'ete', 2024),
(2133, 2241, 'Histoire', '2026-08-07', '2026-09-12', 'evalue', 16, 'Semaine reconnaître accepter tenir. Renoncer qui été poitrine pleurer. Brusquement certain bouche lors puissance propos.', 'hiver', 2026),
(2134, 2984, 'Tradition', '2026-01-03', '2026-02-13', 'en cours', 14, 'Fortune sens animer. Entendre jusque comprendre produire or. Combat saisir surtout manier répéter.
Cinquante paysan auteur souhaiter dur. Double pousser attaquer durer trembler certain.', 'ete', 2026),
(2135, 2485, 'Abstrait', '2024-02-11', '2024-06-06', 'pas commence', 9, 'Exposer douze paraître passé examiner réveiller retomber conseil. Rapport tellement complet composer folie mari. Monter croiser lutte souvenir fidèle gauche marchand donc.', 'automne', 2024),
(2136, 2058, 'Voyage', '2026-05-06', '2026-07-09', 'en cours', 18, 'Enfin intérieur semblable lumière corps mais rire. Fin dégager pointe tirer magnifique coin comme. Triste angoisse passé chasse écraser.', 'hiver', 2026),
(2137, 2163, 'Gastronomie', '2025-01-25', '2025-03-25', 'resultat', 13, 'Prévoir oiseau fuir confier vingt cas. Beaux comme réalité épais rare animal. Nous fier voilà rassurer garder demande.
Revenir rendre conduire arrêter président oser début promener.', 'printemps', 2025),
(2138, 2064, 'Environnement', '2024-09-15', '2025-01-01', 'evalue', 10, 'Dire plonger devoir comprendre demande. Fortune étoile aujourd''hui déclarer.', 'hiver', 2024),
(2139, 2067, 'Innovation', '2023-05-12', '2023-08-01', 'pas commence', 6, 'Oncle puisque portier honte effet. Moindre appeler construire rire je lui.
Mieux peau ouvrage réalité puissance réflexion boire clef. Revoir réfléchir construire aile quel revoir difficile.', 'automne', 2023),
(2140, 2394, 'Abstrait', '2025-11-27', '2026-03-09', 'evalue', 15, 'Mine paquet importance tache. Chacun peau aller poursuivre entrée noir.
Quitter groupe joli détruire croix mourir caractère. Retrouver important mince ici différent consulter.', 'automne', 2025),
(2141, 2828, 'Tradition', '2026-06-20', '2026-10-12', 'pas commence', 13, 'Après reprendre contenir révolution comprendre poser réduire. Circonstance frère jaune marché. Épaule choix de faux écrire.', 'automne', 2026),
(2142, 2807, 'Innovation', '2023-11-04', '2024-02-10', 'en cours', 9, 'Coûter servir doute puissant prince papier.
Autant moment répandre immense. Système au détacher traverser.', 'ete', 2023),
(2143, 2067, 'Portrait', '2023-12-05', '2024-02-12', 'attente', 17, 'Depuis réalité fait lettre violence. Fumée intelligence voie aide bien conclure emmener. Tenter neuf soi contenter profond.', 'ete', 2023),
(2144, 2304, 'Fantaisie', '2023-06-08', '2023-07-11', 'evalue', 6, 'Puisque tard danger petit marcher puis. Neuf voie verser mari.
Et aucun fixer mur convenir où. Là demain chaleur.', 'ete', 2023),
(2145, 2869, 'Portrait', '2024-12-28', '2025-03-12', 'pas commence', 16, 'Attaquer réussir terre commencer. Ne crainte quartier demander l''une point avouer. Dehors conseil âge intérêt visage personnage.', 'automne', 2024),
(2146, 2163, 'Abstrait', '2024-08-08', '2024-11-15', 'pas commence', 8, 'Dernier effet jeunesse titre alors fait quelqu''un. Train contenter rêve inutile clair race. Vide hiver mettre oreille.
Ton espoir disparaître. Calmer chance minute baisser valoir pur.', 'hiver', 2024),
(2147, 2278, 'Histoire', '2026-12-12', '2027-04-01', 'pas commence', 19, 'Arrêter fermer côte beau sac. Terminer métier voisin chaise. Public victime crier but trésor. Fortune vers abattre sorte.', 'automne', 2026),
(2148, 2751, 'Animal', '2023-08-06', '2023-09-23', 'attente', 19, 'Saluer courant saisir. Quartier sur mois. Éprouver autorité guère cas croire. Mais odeur battre lumière effet chair.', 'printemps', 2023),
(2149, 2318, 'Environnement', '2027-01-16', '2027-02-25', 'en cours', 15, 'Sens mener répéter en comme. Dimanche pied tombe tenir roman.
Auteur naître mille six également reconnaître poitrine douceur. Fermer attacher contraire interroger hiver.', 'printemps', 2027),
(2150, 2807, 'Sport', '2025-09-21', '2025-12-15', 'pas commence', 14, 'Lentement tenir rond parole naissance tout. Passage fuir souhaiter posséder blanc.
Sombre se intelligence capable sable. Vif fil centre libre paraître événement contre.', 'ete', 2025),
(2151, 2572, 'Voyage', '2026-05-05', '2026-06-30', 'resultat', 9, 'Drôle avec facile digne rapidement prière françois. Courir disposer présent. Repas ni reposer rassurer goût déjà.', 'automne', 2026),
(2152, 2259, 'Culture', '2023-11-21', '2024-03-16', 'attente', 11, 'Bataille tenter moyen avoir réponse horizon car. En chanter bonheur clef obtenir mouvement plutôt. Roi simplement joli.', 'automne', 2023),
(2153, 2309, 'Ville', '2026-07-27', '2026-11-17', 'pas commence', 15, 'Chemin tache conversation remonter fait le lendemain. Toi page moment épais grave réserver riche.', 'hiver', 2026),
(2154, 2282, 'Nature', '2023-10-26', '2024-02-16', 'resultat', 8, 'Remarquer reculer arbre fête rapport.
Blanc oh nuage. Poitrine préférer marcher forcer bonheur.
Page roman troisième retrouver. Père chanter autour arracher intérêt. Inutile solitude miser.', 'automne', 2023),
(2155, 2289, 'Architecture', '2026-01-25', '2026-04-28', 'evalue', 20, 'Mensonge éloigner fille étrange erreur science présenter quelque. Marché relever fait eau marcher petit.', 'automne', 2026),
(2156, 2924, 'Abstrait', '2024-01-26', '2024-04-02', 'attente', 10, 'Vérité service interroger passé parce que. Lire demander désormais courant. Malheur ailleurs seuil sentier pays ferme.', 'hiver', 2024),
(2157, 2253, 'Architecture', '2025-11-29', '2026-01-30', 'en cours', 13, 'Général répondre siège neuf. Mince tout crise.
Professeur réalité jeunesse trente position voie mériter. Voile tache mort français.', 'ete', 2025),
(2158, 2747, 'Mythologie', '2026-12-12', '2027-02-22', 'attente', 17, 'Lueur soit main. Faute tant fauteuil nommer. Douleur calme baisser signifier parti enfoncer chacun. Ennemi camarade refuser demain fin triste fermer.', 'automne', 2026),
(2159, 2910, 'Abstrait', '2023-08-25', '2023-10-02', 'pas commence', 17, 'Révéler pierre donner poste. Trente traiter peser. Barbe poitrine principe honneur empêcher.
Haine chiffre ressembler fois doute troubler. Retenir tirer horizon société.', 'ete', 2023);

-- 5. Insertion des participations

INSERT INTO ClubParticipe (numConcours, numClub) VALUES
(2000, 2026),
(2000, 2164),
(2000, 2092),
(2000, 2175),
(2000, 2087),
(2000, 2181),
(2000, 2046),
(2000, 2056),
(2000, 2166),
(2001, 2085),
(2001, 2129),
(2001, 2074),
(2001, 2127),
(2001, 2162),
(2001, 2041),
(2001, 2084),
(2001, 2163),
(2001, 2107),
(2001, 2173),
(2001, 2089),
(2002, 2062),
(2002, 2198),
(2002, 2135),
(2002, 2157),
(2002, 2154),
(2002, 2162),
(2002, 2175),
(2002, 2140),
(2002, 2100),
(2002, 2109),
(2002, 2148),
(2002, 2112),
(2002, 2179),
(2003, 2109),
(2003, 2055),
(2003, 2094),
(2003, 2142),
(2003, 2036),
(2003, 2107),
(2003, 2028),
(2003, 2046),
(2004, 2114),
(2004, 2105),
(2004, 2132),
(2004, 2192),
(2004, 2050),
(2004, 2130),
(2004, 2055),
(2004, 2007),
(2004, 2151),
(2004, 2144),
(2004, 2034),
(2004, 2023),
(2004, 2025),
(2004, 2074),
(2004, 2125),
(2005, 2197),
(2005, 2175),
(2005, 2145),
(2005, 2191),
(2005, 2037),
(2005, 2013),
(2005, 2107),
(2005, 2169),
(2006, 2062),
(2006, 2053),
(2006, 2158),
(2006, 2127),
(2006, 2133),
(2006, 2035),
(2006, 2189),
(2006, 2019),
(2006, 2095),
(2006, 2199),
(2006, 2185),
(2007, 2048),
(2007, 2019),
(2007, 2187),
(2007, 2160),
(2007, 2111),
(2007, 2108),
(2007, 2156),
(2007, 2011),
(2008, 2133),
(2008, 2177),
(2008, 2016),
(2008, 2018),
(2008, 2067),
(2008, 2186),
(2008, 2167),
(2008, 2008),
(2008, 2042),
(2008, 2168),
(2008, 2129),
(2008, 2182),
(2008, 2036),
(2008, 2091),
(2008, 2040),
(2008, 2079),
(2008, 2092),
(2008, 2188),
(2008, 2184),
(2009, 2057),
(2009, 2058),
(2009, 2090),
(2009, 2045),
(2009, 2149),
(2009, 2035),
(2009, 2098),
(2009, 2075),
(2009, 2122),
(2009, 2194),
(2009, 2062),
(2009, 2184),
(2009, 2113),
(2010, 2177),
(2010, 2193),
(2010, 2184),
(2010, 2162),
(2010, 2143),
(2010, 2107),
(2010, 2102),
(2010, 2180),
(2011, 2149),
(2011, 2057),
(2011, 2010),
(2011, 2105),
(2011, 2146),
(2011, 2050),
(2011, 2073),
(2011, 2150),
(2011, 2139),
(2011, 2087),
(2011, 2126),
(2011, 2195),
(2011, 2167),
(2012, 2151),
(2012, 2146),
(2012, 2145),
(2012, 2197),
(2012, 2039),
(2012, 2194),
(2012, 2128),
(2012, 2178),
(2012, 2001),
(2012, 2035),
(2012, 2123),
(2012, 2126),
(2012, 2068),
(2012, 2159),
(2012, 2029),
(2012, 2014),
(2012, 2046),
(2013, 2095),
(2013, 2030),
(2013, 2002),
(2013, 2058),
(2013, 2014),
(2013, 2066),
(2013, 2068),
(2013, 2050),
(2013, 2024),
(2013, 2182),
(2014, 2151),
(2014, 2052),
(2014, 2129),
(2014, 2181),
(2014, 2001),
(2014, 2177),
(2014, 2130),
(2014, 2163),
(2014, 2158),
(2014, 2132),
(2014, 2105),
(2014, 2072),
(2014, 2154),
(2014, 2042),
(2014, 2048),
(2014, 2104),
(2014, 2078),
(2014, 2091),
(2015, 2045),
(2015, 2014),
(2015, 2023),
(2015, 2165),
(2015, 2172),
(2015, 2189),
(2015, 2056),
(2015, 2148),
(2015, 2092),
(2015, 2087),
(2015, 2184),
(2015, 2126),
(2016, 2096),
(2016, 2119),
(2016, 2186),
(2016, 2036),
(2016, 2071),
(2016, 2054),
(2016, 2044),
(2016, 2157),
(2017, 2184),
(2017, 2129),
(2017, 2041),
(2017, 2180),
(2017, 2064),
(2017, 2146),
(2017, 2074),
(2017, 2176),
(2017, 2000),
(2017, 2159),
(2017, 2121),
(2017, 2046),
(2017, 2069),
(2017, 2058),
(2017, 2161),
(2017, 2081),
(2017, 2084),
(2018, 2148),
(2018, 2034),
(2018, 2039),
(2018, 2046),
(2018, 2078),
(2018, 2064),
(2018, 2192),
(2018, 2160),
(2018, 2018),
(2018, 2163),
(2018, 2040),
(2019, 2148),
(2019, 2190),
(2019, 2038),
(2019, 2078),
(2019, 2049),
(2019, 2068),
(2019, 2158),
(2019, 2085),
(2019, 2127),
(2019, 2186),
(2019, 2193),
(2019, 2129),
(2019, 2187),
(2019, 2071),
(2019, 2107),
(2019, 2136),
(2019, 2022),
(2020, 2011),
(2020, 2122),
(2020, 2124),
(2020, 2121),
(2020, 2064),
(2020, 2127),
(2020, 2043),
(2020, 2184),
(2020, 2041),
(2020, 2191),
(2020, 2085),
(2020, 2088),
(2020, 2195),
(2020, 2080),
(2020, 2103),
(2020, 2021),
(2020, 2168),
(2020, 2055),
(2020, 2143),
(2021, 2040),
(2021, 2178),
(2021, 2033),
(2021, 2030),
(2021, 2118),
(2021, 2027),
(2021, 2012),
(2021, 2077),
(2021, 2074),
(2021, 2096),
(2021, 2037),
(2021, 2063),
(2021, 2099),
(2021, 2025),
(2021, 2038),
(2022, 2179),
(2022, 2187),
(2022, 2024),
(2022, 2072),
(2022, 2076),
(2022, 2113),
(2022, 2153),
(2022, 2144),
(2022, 2087),
(2023, 2103),
(2023, 2007),
(2023, 2057),
(2023, 2115),
(2023, 2108),
(2023, 2112),
(2023, 2096),
(2023, 2073),
(2023, 2147),
(2023, 2128),
(2023, 2092),
(2023, 2102),
(2023, 2055),
(2024, 2190),
(2024, 2135),
(2024, 2186),
(2024, 2182),
(2024, 2128),
(2024, 2099),
(2024, 2042),
(2024, 2139),
(2024, 2065),
(2025, 2127),
(2025, 2167),
(2025, 2029),
(2025, 2157),
(2025, 2160),
(2025, 2049),
(2025, 2105),
(2025, 2007),
(2025, 2022),
(2025, 2197),
(2025, 2125),
(2025, 2135),
(2025, 2112),
(2025, 2101),
(2025, 2055),
(2025, 2144),
(2025, 2057),
(2025, 2111),
(2026, 2131),
(2026, 2088),
(2026, 2066),
(2026, 2033),
(2026, 2132),
(2026, 2043),
(2026, 2174),
(2026, 2080),
(2026, 2167),
(2026, 2192),
(2027, 2130),
(2027, 2030),
(2027, 2019),
(2027, 2037),
(2027, 2162),
(2027, 2087),
(2027, 2110),
(2027, 2158),
(2027, 2159),
(2027, 2072),
(2027, 2003),
(2027, 2107),
(2027, 2189),
(2027, 2053),
(2027, 2190),
(2027, 2126),
(2027, 2128),
(2027, 2111),
(2027, 2134),
(2027, 2058),
(2028, 2085),
(2028, 2174),
(2028, 2092),
(2028, 2159),
(2028, 2182),
(2028, 2072),
(2028, 2090),
(2028, 2026),
(2028, 2128),
(2029, 2041),
(2029, 2193),
(2029, 2017),
(2029, 2170),
(2029, 2183),
(2029, 2042),
(2029, 2096),
(2030, 2100),
(2030, 2069),
(2030, 2056),
(2030, 2031),
(2030, 2162),
(2030, 2135),
(2030, 2124),
(2030, 2115),
(2030, 2105),
(2030, 2099),
(2030, 2063),
(2030, 2058),
(2030, 2110),
(2030, 2030),
(2030, 2084),
(2030, 2067),
(2030, 2144),
(2030, 2024),
(2030, 2090),
(2030, 2029),
(2031, 2142),
(2031, 2169),
(2031, 2160),
(2031, 2107),
(2031, 2166),
(2031, 2157),
(2031, 2052),
(2031, 2071),
(2031, 2019),
(2031, 2045),
(2031, 2032),
(2031, 2095),
(2032, 2170),
(2032, 2159),
(2032, 2118),
(2032, 2066),
(2032, 2156),
(2032, 2108),
(2032, 2041),
(2032, 2092),
(2032, 2139),
(2032, 2129),
(2032, 2112),
(2032, 2146),
(2033, 2118),
(2033, 2190),
(2033, 2115),
(2033, 2093),
(2033, 2077),
(2033, 2133),
(2033, 2004),
(2033, 2035),
(2033, 2089),
(2033, 2087),
(2033, 2197),
(2033, 2080),
(2033, 2062),
(2033, 2139),
(2033, 2126),
(2033, 2170),
(2033, 2106),
(2033, 2032),
(2034, 2052),
(2034, 2013),
(2034, 2171),
(2034, 2133),
(2034, 2031),
(2034, 2098),
(2034, 2143),
(2034, 2073),
(2034, 2198),
(2034, 2154),
(2034, 2135),
(2034, 2179),
(2034, 2061),
(2034, 2066),
(2034, 2011),
(2034, 2033),
(2034, 2089),
(2035, 2070),
(2035, 2104),
(2035, 2108),
(2035, 2031),
(2035, 2139),
(2035, 2132),
(2035, 2089),
(2035, 2120),
(2035, 2111),
(2035, 2178),
(2035, 2065),
(2035, 2075),
(2035, 2003),
(2035, 2090),
(2035, 2027),
(2035, 2167),
(2035, 2137),
(2035, 2093),
(2035, 2151),
(2036, 2172),
(2036, 2059),
(2036, 2158),
(2036, 2152),
(2036, 2001),
(2036, 2126),
(2037, 2068),
(2037, 2177),
(2037, 2192),
(2037, 2173),
(2037, 2059),
(2037, 2166),
(2037, 2060),
(2037, 2002),
(2037, 2034),
(2038, 2162),
(2038, 2187),
(2038, 2095),
(2038, 2167),
(2038, 2169),
(2038, 2050),
(2038, 2001),
(2038, 2071),
(2038, 2121),
(2038, 2151),
(2038, 2198),
(2038, 2023),
(2038, 2129),
(2038, 2080),
(2038, 2139),
(2038, 2174),
(2039, 2035),
(2039, 2133),
(2039, 2157),
(2039, 2088),
(2039, 2005),
(2039, 2012),
(2039, 2134),
(2039, 2082),
(2039, 2197),
(2039, 2041),
(2039, 2114),
(2039, 2159),
(2039, 2184),
(2039, 2126),
(2040, 2116),
(2040, 2017),
(2040, 2123),
(2040, 2043),
(2040, 2036),
(2040, 2070),
(2040, 2110),
(2040, 2082),
(2040, 2019),
(2040, 2033),
(2040, 2007),
(2040, 2001),
(2040, 2053),
(2040, 2183),
(2041, 2197),
(2041, 2035),
(2041, 2173),
(2041, 2155),
(2041, 2156),
(2041, 2101),
(2041, 2171),
(2041, 2062),
(2041, 2064),
(2041, 2199),
(2041, 2014),
(2042, 2074),
(2042, 2187),
(2042, 2069),
(2042, 2101),
(2042, 2041),
(2042, 2165),
(2042, 2175),
(2043, 2048),
(2043, 2127),
(2043, 2121),
(2043, 2140),
(2043, 2006),
(2043, 2090),
(2043, 2115),
(2043, 2022),
(2043, 2067),
(2043, 2020),
(2043, 2081),
(2043, 2025),
(2043, 2036),
(2043, 2069),
(2043, 2126),
(2044, 2004),
(2044, 2035),
(2044, 2189),
(2044, 2137),
(2044, 2140),
(2044, 2103),
(2045, 2164),
(2045, 2110),
(2045, 2115),
(2045, 2074),
(2045, 2192),
(2045, 2009),
(2045, 2099),
(2045, 2108),
(2045, 2125),
(2045, 2190),
(2045, 2157),
(2045, 2197),
(2045, 2005),
(2045, 2142),
(2045, 2062),
(2046, 2106),
(2046, 2001),
(2046, 2171),
(2046, 2197),
(2046, 2125),
(2046, 2054),
(2046, 2155),
(2046, 2164),
(2046, 2068),
(2046, 2092),
(2046, 2140),
(2046, 2097),
(2046, 2190),
(2046, 2110),
(2046, 2069),
(2046, 2043),
(2046, 2101),
(2047, 2148),
(2047, 2093),
(2047, 2168),
(2047, 2193),
(2047, 2112),
(2047, 2122),
(2047, 2071),
(2047, 2056),
(2048, 2147),
(2048, 2059),
(2048, 2151),
(2048, 2165),
(2048, 2116),
(2048, 2137),
(2049, 2171),
(2049, 2005),
(2049, 2013),
(2049, 2041),
(2049, 2068),
(2049, 2058),
(2049, 2054),
(2049, 2123),
(2049, 2112),
(2049, 2110),
(2049, 2184),
(2049, 2079),
(2049, 2198),
(2049, 2091),
(2049, 2001),
(2049, 2167),
(2049, 2188),
(2049, 2051),
(2049, 2173),
(2050, 2090),
(2050, 2168),
(2050, 2179),
(2050, 2180),
(2050, 2159),
(2050, 2135),
(2050, 2132),
(2050, 2157),
(2050, 2064),
(2050, 2137),
(2050, 2047),
(2050, 2136),
(2050, 2004),
(2051, 2177),
(2051, 2128),
(2051, 2138),
(2051, 2077),
(2051, 2032),
(2051, 2012),
(2051, 2160),
(2052, 2191),
(2052, 2161),
(2052, 2018),
(2052, 2029),
(2052, 2112),
(2052, 2182),
(2052, 2056),
(2052, 2065),
(2052, 2031),
(2052, 2123),
(2053, 2063),
(2053, 2140),
(2053, 2079),
(2053, 2087),
(2053, 2172),
(2053, 2019),
(2053, 2003),
(2053, 2177),
(2053, 2020),
(2053, 2121),
(2053, 2089),
(2054, 2109),
(2054, 2101),
(2054, 2011),
(2054, 2140),
(2054, 2080),
(2054, 2114),
(2054, 2012),
(2054, 2141),
(2054, 2165),
(2054, 2180),
(2054, 2137),
(2054, 2094),
(2055, 2116),
(2055, 2164),
(2055, 2191),
(2055, 2010),
(2055, 2126),
(2055, 2139),
(2055, 2094),
(2055, 2171),
(2055, 2071),
(2055, 2152),
(2055, 2017),
(2055, 2090),
(2055, 2013),
(2055, 2119),
(2055, 2131),
(2055, 2053),
(2056, 2125),
(2056, 2062),
(2056, 2046),
(2056, 2117),
(2056, 2111),
(2056, 2045),
(2057, 2021),
(2057, 2025),
(2057, 2004),
(2057, 2173),
(2057, 2014),
(2057, 2028),
(2057, 2027),
(2057, 2110),
(2057, 2007),
(2057, 2122),
(2057, 2051),
(2057, 2060),
(2058, 2112),
(2058, 2061),
(2058, 2088),
(2058, 2021),
(2058, 2017),
(2058, 2059),
(2058, 2037),
(2058, 2053),
(2058, 2048),
(2058, 2028),
(2058, 2179),
(2058, 2189),
(2058, 2196),
(2058, 2067),
(2058, 2136),
(2058, 2132),
(2059, 2003),
(2059, 2176),
(2059, 2043),
(2059, 2137),
(2059, 2099),
(2059, 2084),
(2059, 2094),
(2059, 2032),
(2059, 2105),
(2060, 2042),
(2060, 2114),
(2060, 2084),
(2060, 2138),
(2060, 2087),
(2060, 2185),
(2060, 2100),
(2060, 2131),
(2060, 2009),
(2060, 2083),
(2060, 2086),
(2060, 2072),
(2060, 2094),
(2060, 2043),
(2060, 2199),
(2060, 2036),
(2060, 2104),
(2060, 2151),
(2060, 2063),
(2061, 2021),
(2061, 2054),
(2061, 2022),
(2061, 2136),
(2061, 2132),
(2061, 2018),
(2061, 2026),
(2061, 2081),
(2061, 2146),
(2061, 2195),
(2061, 2186),
(2061, 2088),
(2061, 2067),
(2061, 2103),
(2061, 2196),
(2061, 2108),
(2061, 2111),
(2062, 2140),
(2062, 2049),
(2062, 2180),
(2062, 2034),
(2062, 2120),
(2062, 2063),
(2062, 2067),
(2062, 2161),
(2062, 2036),
(2062, 2011),
(2062, 2127),
(2063, 2064),
(2063, 2090),
(2063, 2178),
(2063, 2000),
(2063, 2059),
(2063, 2032),
(2063, 2123),
(2063, 2049),
(2063, 2062),
(2063, 2157),
(2063, 2139),
(2063, 2099),
(2063, 2105),
(2063, 2194),
(2063, 2185),
(2063, 2199),
(2063, 2152),
(2063, 2083),
(2063, 2046),
(2064, 2199),
(2064, 2119),
(2064, 2097),
(2064, 2089),
(2064, 2171),
(2064, 2110),
(2064, 2106),
(2064, 2187),
(2064, 2162),
(2064, 2003),
(2065, 2170),
(2065, 2113),
(2065, 2105),
(2065, 2175),
(2065, 2149),
(2065, 2119),
(2065, 2005),
(2065, 2139),
(2065, 2108),
(2065, 2075),
(2066, 2025),
(2066, 2145),
(2066, 2186),
(2066, 2137),
(2066, 2129),
(2066, 2090),
(2066, 2101),
(2066, 2172),
(2066, 2102),
(2066, 2196),
(2066, 2108),
(2066, 2044),
(2066, 2111),
(2066, 2057),
(2066, 2180),
(2067, 2192),
(2067, 2114),
(2067, 2065),
(2067, 2121),
(2067, 2031),
(2067, 2053),
(2067, 2165),
(2068, 2034),
(2068, 2044),
(2068, 2019),
(2068, 2058),
(2068, 2039),
(2068, 2148),
(2068, 2142),
(2068, 2124),
(2068, 2106),
(2068, 2040),
(2069, 2155),
(2069, 2044),
(2069, 2054),
(2069, 2037),
(2069, 2114),
(2069, 2045),
(2069, 2049),
(2069, 2122),
(2069, 2157),
(2069, 2010),
(2069, 2184),
(2069, 2131),
(2069, 2046),
(2069, 2096),
(2069, 2110),
(2069, 2034),
(2069, 2041),
(2070, 2153),
(2070, 2159),
(2070, 2007),
(2070, 2158),
(2070, 2027),
(2070, 2012),
(2070, 2071),
(2070, 2039),
(2070, 2045),
(2070, 2023),
(2070, 2079),
(2071, 2051),
(2071, 2022),
(2071, 2039),
(2071, 2048),
(2071, 2013),
(2071, 2059),
(2071, 2153),
(2071, 2125),
(2071, 2092),
(2071, 2137),
(2072, 2055),
(2072, 2070),
(2072, 2000),
(2072, 2150),
(2072, 2181),
(2072, 2032),
(2072, 2193),
(2072, 2184),
(2073, 2008),
(2073, 2129),
(2073, 2180),
(2073, 2104),
(2073, 2078),
(2073, 2089),
(2073, 2144),
(2073, 2121),
(2073, 2025),
(2074, 2055),
(2074, 2087),
(2074, 2117),
(2074, 2139),
(2074, 2104),
(2074, 2050),
(2074, 2096),
(2074, 2091),
(2074, 2141),
(2074, 2123),
(2074, 2114),
(2074, 2040),
(2074, 2037),
(2075, 2054),
(2075, 2022),
(2075, 2147),
(2075, 2010),
(2075, 2134),
(2075, 2182),
(2075, 2128),
(2075, 2046),
(2075, 2078),
(2075, 2174),
(2075, 2116),
(2076, 2174),
(2076, 2065),
(2076, 2122),
(2076, 2059),
(2076, 2055),
(2076, 2077),
(2076, 2032),
(2076, 2172),
(2076, 2015),
(2076, 2080),
(2076, 2145),
(2076, 2013),
(2076, 2060),
(2076, 2152),
(2076, 2114),
(2076, 2188),
(2076, 2161),
(2076, 2010),
(2077, 2161),
(2077, 2030),
(2077, 2126),
(2077, 2145),
(2077, 2155),
(2077, 2151),
(2077, 2095),
(2077, 2143),
(2077, 2097),
(2077, 2020),
(2077, 2028),
(2077, 2113),
(2077, 2153),
(2077, 2078),
(2077, 2057),
(2078, 2141),
(2078, 2067),
(2078, 2064),
(2078, 2011),
(2078, 2191),
(2078, 2180),
(2078, 2043),
(2078, 2024),
(2078, 2076),
(2078, 2001),
(2078, 2033),
(2078, 2162),
(2078, 2084),
(2078, 2069),
(2078, 2143),
(2078, 2183),
(2078, 2077),
(2079, 2193),
(2079, 2067),
(2079, 2170),
(2079, 2145),
(2079, 2189),
(2079, 2118),
(2079, 2104),
(2079, 2133),
(2079, 2156),
(2079, 2198),
(2079, 2051),
(2079, 2115),
(2079, 2090),
(2079, 2060),
(2079, 2113),
(2080, 2068),
(2080, 2126),
(2080, 2186),
(2080, 2009),
(2080, 2077),
(2080, 2191),
(2080, 2128),
(2080, 2058),
(2080, 2060),
(2080, 2166),
(2080, 2090),
(2080, 2020),
(2080, 2150),
(2080, 2123),
(2081, 2096),
(2081, 2052),
(2081, 2112),
(2081, 2126),
(2081, 2152),
(2081, 2080),
(2081, 2160),
(2081, 2111),
(2081, 2106),
(2081, 2165),
(2082, 2011),
(2082, 2189),
(2082, 2109),
(2082, 2139),
(2082, 2192),
(2082, 2051),
(2083, 2120),
(2083, 2072),
(2083, 2009),
(2083, 2142),
(2083, 2132),
(2083, 2096),
(2083, 2078),
(2083, 2099),
(2083, 2021),
(2083, 2082),
(2083, 2045),
(2083, 2163),
(2084, 2000),
(2084, 2159),
(2084, 2154),
(2084, 2015),
(2084, 2087),
(2084, 2141),
(2084, 2184),
(2084, 2073),
(2084, 2126),
(2084, 2157),
(2084, 2055),
(2084, 2164),
(2084, 2003),
(2084, 2075),
(2084, 2181),
(2084, 2051),
(2084, 2170),
(2084, 2071),
(2084, 2139),
(2084, 2074),
(2085, 2191),
(2085, 2014),
(2085, 2124),
(2085, 2141),
(2085, 2128),
(2085, 2178),
(2085, 2152),
(2085, 2022),
(2085, 2118),
(2085, 2177),
(2085, 2162),
(2085, 2188),
(2085, 2005),
(2085, 2092),
(2085, 2021),
(2085, 2084),
(2085, 2068),
(2085, 2083),
(2085, 2006),
(2085, 2013),
(2086, 2101),
(2086, 2119),
(2086, 2139),
(2086, 2134),
(2086, 2105),
(2086, 2193),
(2086, 2116),
(2086, 2094),
(2086, 2056),
(2086, 2003),
(2086, 2058),
(2086, 2164),
(2086, 2042),
(2086, 2039),
(2086, 2057),
(2086, 2077),
(2087, 2189),
(2087, 2177),
(2087, 2103),
(2087, 2097),
(2087, 2131),
(2087, 2123),
(2087, 2188),
(2087, 2146),
(2087, 2118),
(2087, 2017),
(2087, 2179),
(2087, 2065),
(2087, 2133),
(2087, 2134),
(2087, 2161),
(2087, 2104),
(2088, 2153),
(2088, 2040),
(2088, 2172),
(2088, 2154),
(2088, 2016),
(2088, 2019),
(2088, 2160),
(2088, 2048),
(2088, 2012),
(2088, 2174),
(2088, 2145),
(2088, 2083),
(2089, 2000),
(2089, 2127),
(2089, 2198),
(2089, 2028),
(2089, 2016),
(2089, 2095),
(2089, 2065),
(2089, 2185),
(2089, 2077),
(2089, 2147),
(2089, 2019),
(2089, 2006),
(2089, 2163),
(2089, 2106),
(2089, 2154),
(2089, 2061),
(2089, 2067),
(2089, 2136),
(2089, 2022),
(2089, 2094),
(2090, 2033),
(2090, 2031),
(2090, 2051),
(2090, 2187),
(2090, 2045),
(2090, 2014),
(2090, 2007),
(2090, 2107),
(2090, 2088),
(2090, 2037),
(2090, 2195),
(2090, 2178),
(2090, 2090),
(2090, 2191),
(2090, 2114),
(2090, 2070),
(2090, 2139),
(2091, 2002),
(2091, 2102),
(2091, 2160),
(2091, 2166),
(2091, 2179),
(2091, 2129),
(2091, 2189),
(2091, 2073),
(2091, 2012),
(2091, 2078),
(2091, 2152),
(2091, 2138),
(2091, 2057),
(2091, 2191),
(2091, 2143),
(2091, 2107),
(2091, 2188),
(2091, 2079),
(2091, 2092),
(2092, 2186),
(2092, 2062),
(2092, 2079),
(2092, 2187),
(2092, 2024),
(2092, 2179),
(2092, 2004),
(2092, 2036),
(2092, 2058),
(2092, 2121),
(2092, 2021),
(2092, 2162),
(2092, 2199),
(2092, 2019),
(2092, 2192),
(2093, 2050),
(2093, 2192),
(2093, 2047),
(2093, 2196),
(2093, 2179),
(2093, 2059),
(2093, 2006),
(2093, 2117),
(2094, 2158),
(2094, 2154),
(2094, 2035),
(2094, 2054),
(2094, 2182),
(2094, 2017),
(2094, 2159),
(2094, 2087),
(2094, 2073),
(2094, 2168),
(2094, 2024),
(2094, 2150),
(2094, 2169),
(2094, 2138),
(2094, 2064),
(2094, 2032),
(2094, 2156),
(2094, 2007),
(2095, 2125),
(2095, 2014),
(2095, 2147),
(2095, 2063),
(2095, 2083),
(2095, 2042),
(2095, 2090),
(2095, 2128),
(2095, 2159),
(2095, 2188),
(2095, 2065),
(2095, 2160),
(2095, 2008),
(2095, 2037),
(2095, 2019),
(2096, 2196),
(2096, 2192),
(2096, 2007),
(2096, 2092),
(2096, 2134),
(2096, 2195),
(2096, 2022),
(2096, 2167),
(2096, 2104),
(2096, 2060),
(2096, 2173),
(2096, 2043),
(2096, 2106),
(2096, 2137),
(2096, 2190),
(2096, 2116),
(2097, 2171),
(2097, 2088),
(2097, 2025),
(2097, 2167),
(2097, 2162),
(2097, 2055),
(2097, 2115),
(2097, 2019),
(2098, 2119),
(2098, 2084),
(2098, 2188),
(2098, 2022),
(2098, 2179),
(2098, 2004),
(2098, 2066),
(2098, 2036),
(2098, 2157),
(2098, 2148),
(2098, 2098),
(2099, 2010),
(2099, 2194),
(2099, 2072),
(2099, 2169),
(2099, 2087),
(2099, 2114),
(2099, 2031),
(2099, 2142),
(2100, 2028),
(2100, 2024),
(2100, 2196),
(2100, 2088),
(2100, 2172),
(2100, 2089),
(2100, 2130),
(2100, 2045),
(2100, 2187),
(2100, 2061),
(2100, 2124),
(2100, 2122),
(2100, 2003),
(2100, 2181),
(2100, 2014),
(2100, 2184),
(2101, 2001),
(2101, 2119),
(2101, 2077),
(2101, 2020),
(2101, 2026),
(2101, 2121),
(2101, 2115),
(2101, 2184),
(2101, 2046),
(2101, 2106),
(2101, 2052),
(2101, 2170),
(2101, 2158),
(2101, 2070),
(2101, 2057),
(2101, 2194),
(2101, 2112),
(2101, 2049),
(2101, 2083),
(2102, 2038),
(2102, 2026),
(2102, 2127),
(2102, 2113),
(2102, 2159),
(2102, 2041),
(2102, 2006),
(2102, 2030),
(2102, 2039),
(2102, 2161),
(2102, 2171),
(2102, 2143),
(2102, 2118),
(2103, 2198),
(2103, 2080),
(2103, 2192),
(2103, 2117),
(2103, 2195),
(2103, 2093),
(2103, 2105),
(2103, 2112),
(2103, 2132),
(2103, 2123),
(2104, 2162),
(2104, 2057),
(2104, 2005),
(2104, 2192),
(2104, 2021),
(2104, 2098),
(2104, 2013),
(2104, 2002),
(2105, 2077),
(2105, 2159),
(2105, 2076),
(2105, 2150),
(2105, 2127),
(2105, 2133),
(2105, 2138),
(2105, 2197),
(2105, 2037),
(2105, 2064),
(2105, 2123),
(2105, 2051),
(2105, 2000),
(2105, 2193),
(2106, 2049),
(2106, 2012),
(2106, 2080),
(2106, 2026),
(2106, 2190),
(2106, 2148),
(2106, 2116),
(2106, 2002),
(2106, 2112),
(2106, 2003),
(2106, 2189),
(2106, 2001),
(2106, 2094),
(2106, 2126),
(2107, 2114),
(2107, 2167),
(2107, 2191),
(2107, 2092),
(2107, 2002),
(2107, 2064),
(2107, 2019),
(2107, 2051),
(2107, 2168),
(2107, 2106),
(2107, 2025),
(2107, 2183),
(2107, 2011),
(2107, 2097),
(2107, 2141),
(2108, 2084),
(2108, 2057),
(2108, 2109),
(2108, 2078),
(2108, 2198),
(2108, 2005),
(2108, 2165),
(2108, 2042),
(2108, 2185),
(2108, 2138),
(2108, 2059),
(2108, 2029),
(2108, 2010),
(2108, 2117),
(2108, 2124),
(2109, 2043),
(2109, 2179),
(2109, 2011),
(2109, 2170),
(2109, 2175),
(2109, 2021),
(2109, 2186),
(2109, 2165),
(2109, 2020),
(2110, 2079),
(2110, 2028),
(2110, 2080),
(2110, 2045),
(2110, 2195),
(2110, 2196),
(2110, 2009),
(2110, 2014),
(2110, 2198),
(2111, 2152),
(2111, 2150),
(2111, 2088),
(2111, 2052),
(2111, 2191),
(2111, 2100),
(2111, 2051),
(2111, 2133),
(2111, 2028),
(2111, 2116),
(2111, 2003),
(2111, 2042),
(2111, 2136),
(2111, 2030),
(2111, 2097),
(2111, 2183),
(2111, 2159),
(2111, 2129),
(2112, 2113),
(2112, 2083),
(2112, 2086),
(2112, 2130),
(2112, 2074),
(2112, 2162),
(2112, 2135),
(2113, 2072),
(2113, 2082),
(2113, 2175),
(2113, 2030),
(2113, 2172),
(2113, 2069),
(2113, 2154),
(2113, 2108),
(2113, 2179),
(2113, 2117),
(2113, 2012),
(2113, 2032),
(2114, 2048),
(2114, 2173),
(2114, 2169),
(2114, 2067),
(2114, 2085),
(2114, 2050),
(2114, 2069),
(2114, 2103),
(2114, 2198),
(2114, 2071),
(2114, 2165),
(2114, 2034),
(2114, 2118),
(2114, 2144),
(2114, 2100),
(2114, 2031),
(2114, 2147),
(2115, 2101),
(2115, 2067),
(2115, 2105),
(2115, 2076),
(2115, 2139),
(2115, 2073),
(2115, 2093),
(2115, 2161),
(2115, 2013),
(2115, 2134),
(2115, 2133),
(2115, 2091),
(2115, 2043),
(2115, 2044),
(2115, 2146),
(2115, 2036),
(2116, 2001),
(2116, 2122),
(2116, 2159),
(2116, 2108),
(2116, 2073),
(2116, 2125),
(2116, 2174),
(2116, 2002),
(2116, 2154),
(2116, 2100),
(2116, 2105),
(2116, 2138),
(2116, 2145),
(2116, 2183),
(2116, 2169),
(2116, 2083),
(2116, 2025),
(2117, 2016),
(2117, 2141),
(2117, 2136),
(2117, 2006),
(2117, 2099),
(2117, 2076),
(2117, 2069),
(2118, 2036),
(2118, 2052),
(2118, 2066),
(2118, 2162),
(2118, 2055),
(2118, 2070),
(2118, 2051),
(2118, 2100),
(2118, 2049),
(2118, 2033),
(2118, 2124),
(2118, 2063),
(2118, 2059),
(2118, 2061),
(2118, 2174),
(2118, 2102),
(2118, 2074),
(2118, 2086),
(2118, 2125),
(2118, 2122),
(2119, 2017),
(2119, 2016),
(2119, 2058),
(2119, 2125),
(2119, 2044),
(2119, 2139),
(2119, 2122),
(2119, 2037),
(2119, 2087),
(2119, 2026),
(2119, 2083),
(2119, 2193),
(2119, 2034),
(2119, 2108),
(2119, 2043),
(2119, 2161),
(2119, 2107),
(2119, 2182),
(2119, 2115),
(2119, 2135),
(2120, 2058),
(2120, 2107),
(2120, 2121),
(2120, 2072),
(2120, 2094),
(2120, 2182),
(2120, 2049),
(2120, 2162),
(2120, 2029),
(2121, 2109),
(2121, 2147),
(2121, 2157),
(2121, 2062),
(2121, 2083),
(2121, 2005),
(2121, 2183),
(2121, 2128),
(2121, 2020),
(2121, 2132),
(2121, 2173),
(2121, 2140),
(2121, 2174),
(2121, 2046),
(2122, 2089),
(2122, 2032),
(2122, 2174),
(2122, 2066),
(2122, 2047),
(2122, 2055),
(2122, 2113),
(2122, 2076),
(2122, 2094),
(2122, 2018),
(2122, 2067),
(2122, 2191),
(2123, 2094),
(2123, 2090),
(2123, 2028),
(2123, 2059),
(2123, 2008),
(2123, 2180),
(2123, 2033),
(2123, 2017),
(2123, 2004),
(2124, 2051),
(2124, 2151),
(2124, 2077),
(2124, 2141),
(2124, 2127),
(2124, 2166),
(2124, 2092),
(2124, 2110),
(2124, 2088),
(2124, 2060),
(2124, 2024),
(2124, 2132),
(2124, 2145),
(2124, 2005),
(2124, 2140),
(2124, 2135),
(2124, 2048),
(2124, 2191),
(2125, 2088),
(2125, 2130),
(2125, 2008),
(2125, 2019),
(2125, 2052),
(2125, 2081),
(2125, 2059),
(2125, 2086),
(2125, 2109),
(2125, 2188),
(2125, 2005),
(2125, 2146),
(2125, 2125),
(2125, 2099),
(2125, 2162),
(2125, 2069),
(2125, 2058),
(2126, 2068),
(2126, 2156),
(2126, 2197),
(2126, 2189),
(2126, 2054),
(2126, 2104),
(2126, 2161),
(2126, 2016),
(2126, 2174),
(2126, 2051),
(2126, 2165),
(2126, 2079),
(2126, 2028),
(2126, 2066),
(2126, 2055),
(2126, 2023),
(2126, 2091),
(2127, 2046),
(2127, 2163),
(2127, 2165),
(2127, 2188),
(2127, 2003),
(2127, 2117),
(2127, 2197),
(2127, 2152),
(2127, 2078),
(2128, 2157),
(2128, 2071),
(2128, 2098),
(2128, 2127),
(2128, 2152),
(2128, 2189),
(2128, 2039),
(2128, 2115),
(2128, 2000),
(2128, 2076),
(2128, 2067),
(2128, 2013),
(2128, 2138),
(2128, 2055),
(2128, 2094),
(2128, 2066),
(2129, 2050),
(2129, 2060),
(2129, 2116),
(2129, 2086),
(2129, 2076),
(2129, 2008),
(2129, 2153),
(2129, 2114),
(2130, 2047),
(2130, 2088),
(2130, 2003),
(2130, 2132),
(2130, 2036),
(2130, 2167),
(2130, 2107),
(2130, 2190),
(2130, 2199),
(2130, 2080),
(2131, 2098),
(2131, 2160),
(2131, 2155),
(2131, 2065),
(2131, 2120),
(2131, 2150),
(2131, 2148),
(2131, 2199),
(2131, 2066),
(2131, 2116),
(2131, 2014),
(2131, 2187),
(2131, 2076),
(2131, 2141),
(2131, 2132),
(2131, 2062),
(2131, 2025),
(2132, 2022),
(2132, 2191),
(2132, 2088),
(2132, 2036),
(2132, 2147),
(2132, 2047),
(2132, 2119),
(2133, 2045),
(2133, 2073),
(2133, 2039),
(2133, 2172),
(2133, 2056),
(2133, 2197),
(2133, 2108),
(2133, 2140),
(2133, 2164),
(2133, 2070),
(2133, 2145),
(2134, 2026),
(2134, 2076),
(2134, 2159),
(2134, 2012),
(2134, 2199),
(2134, 2050),
(2134, 2045),
(2134, 2112),
(2134, 2009),
(2134, 2190),
(2135, 2160),
(2135, 2021),
(2135, 2177),
(2135, 2037),
(2135, 2148),
(2135, 2191),
(2135, 2099),
(2135, 2053),
(2135, 2038),
(2135, 2086),
(2135, 2180),
(2135, 2138),
(2135, 2115),
(2135, 2134),
(2135, 2101),
(2135, 2122),
(2135, 2023),
(2135, 2143),
(2135, 2147),
(2136, 2132),
(2136, 2042),
(2136, 2181),
(2136, 2121),
(2136, 2018),
(2136, 2001),
(2136, 2135),
(2136, 2115),
(2136, 2031),
(2136, 2198),
(2136, 2134),
(2137, 2131),
(2137, 2093),
(2137, 2195),
(2137, 2002),
(2137, 2061),
(2137, 2077),
(2138, 2156),
(2138, 2080),
(2138, 2003),
(2138, 2123),
(2138, 2029),
(2138, 2163),
(2138, 2127),
(2138, 2117),
(2138, 2147),
(2138, 2044),
(2138, 2012),
(2138, 2038),
(2138, 2097),
(2138, 2045),
(2139, 2081),
(2139, 2043),
(2139, 2069),
(2139, 2061),
(2139, 2115),
(2139, 2103),
(2139, 2095),
(2139, 2085),
(2139, 2149),
(2139, 2027),
(2139, 2141),
(2139, 2194),
(2140, 2082),
(2140, 2126),
(2140, 2129),
(2140, 2190),
(2140, 2158),
(2140, 2094),
(2140, 2028),
(2140, 2069),
(2140, 2032),
(2140, 2135),
(2140, 2188),
(2140, 2114),
(2140, 2165),
(2141, 2047),
(2141, 2046),
(2141, 2009),
(2141, 2173),
(2141, 2052),
(2141, 2007),
(2141, 2144),
(2141, 2131),
(2142, 2096),
(2142, 2049),
(2142, 2032),
(2142, 2146),
(2142, 2000),
(2142, 2020),
(2142, 2188),
(2143, 2116),
(2143, 2062),
(2143, 2120),
(2143, 2002),
(2143, 2045),
(2143, 2073),
(2143, 2143),
(2143, 2083),
(2143, 2144),
(2143, 2154),
(2143, 2118),
(2143, 2163),
(2143, 2121),
(2144, 2092),
(2144, 2097),
(2144, 2113),
(2144, 2191),
(2144, 2039),
(2144, 2028),
(2144, 2126),
(2144, 2131),
(2144, 2030),
(2144, 2121),
(2144, 2058),
(2144, 2139),
(2144, 2154),
(2144, 2193),
(2144, 2012),
(2144, 2085),
(2145, 2096),
(2145, 2018),
(2145, 2051),
(2145, 2168),
(2145, 2198),
(2145, 2100),
(2146, 2087),
(2146, 2134),
(2146, 2056),
(2146, 2123),
(2146, 2162),
(2146, 2082),
(2146, 2195),
(2146, 2080),
(2146, 2027),
(2146, 2096),
(2146, 2020),
(2147, 2007),
(2147, 2102),
(2147, 2010),
(2147, 2174),
(2147, 2100),
(2147, 2017),
(2148, 2031),
(2148, 2128),
(2148, 2123),
(2148, 2003),
(2148, 2196),
(2148, 2006),
(2148, 2095),
(2148, 2009),
(2148, 2082),
(2148, 2016),
(2148, 2191),
(2149, 2138),
(2149, 2137),
(2149, 2001),
(2149, 2197),
(2149, 2014),
(2149, 2160),
(2149, 2151),
(2149, 2140),
(2149, 2081),
(2149, 2036),
(2149, 2161),
(2149, 2144),
(2150, 2119),
(2150, 2117),
(2150, 2030),
(2150, 2070),
(2150, 2077),
(2150, 2096),
(2150, 2029),
(2151, 2062),
(2151, 2140),
(2151, 2063),
(2151, 2193),
(2151, 2104),
(2151, 2013),
(2151, 2089),
(2151, 2176),
(2151, 2050),
(2151, 2156),
(2151, 2059),
(2151, 2126),
(2151, 2171),
(2151, 2009),
(2151, 2034),
(2151, 2162),
(2151, 2016),
(2152, 2142),
(2152, 2174),
(2152, 2195),
(2152, 2128),
(2152, 2034),
(2152, 2066),
(2152, 2177),
(2152, 2044),
(2152, 2097),
(2152, 2121),
(2152, 2137),
(2152, 2161),
(2152, 2119),
(2152, 2030),
(2152, 2078),
(2152, 2197),
(2152, 2092),
(2152, 2048),
(2153, 2104),
(2153, 2117),
(2153, 2126),
(2153, 2039),
(2153, 2050),
(2153, 2029),
(2154, 2149),
(2154, 2193),
(2154, 2018),
(2154, 2106),
(2154, 2101),
(2154, 2050),
(2154, 2153),
(2154, 2196),
(2154, 2171),
(2155, 2137),
(2155, 2099),
(2155, 2170),
(2155, 2059),
(2155, 2022),
(2155, 2005),
(2155, 2165),
(2155, 2033),
(2155, 2196),
(2155, 2174),
(2155, 2123),
(2155, 2181),
(2155, 2076),
(2155, 2098),
(2155, 2066),
(2155, 2086),
(2155, 2060),
(2156, 2185),
(2156, 2030),
(2156, 2109),
(2156, 2002),
(2156, 2188),
(2156, 2044),
(2156, 2119),
(2156, 2150),
(2156, 2020),
(2156, 2165),
(2156, 2026),
(2156, 2122),
(2156, 2101),
(2156, 2130),
(2156, 2031),
(2156, 2091),
(2157, 2055),
(2157, 2073),
(2157, 2105),
(2157, 2053),
(2157, 2047),
(2157, 2109),
(2158, 2022),
(2158, 2153),
(2158, 2112),
(2158, 2195),
(2158, 2018),
(2158, 2004),
(2158, 2134),
(2158, 2063),
(2158, 2109),
(2158, 2067),
(2158, 2065),
(2158, 2111),
(2158, 2069),
(2158, 2103),
(2158, 2040),
(2159, 2112),
(2159, 2110),
(2159, 2166),
(2159, 2133),
(2159, 2159),
(2159, 2093),
(2159, 2090),
(2159, 2131),
(2159, 2141),
(2159, 2109),
(2159, 2170),
(2159, 2062),
(2159, 2153),
(2159, 2061);

INSERT INTO CompetiteurParticipe (numConcours, numCompetiteur) VALUES
(2000, 2348),
(2000, 2613),
(2000, 2125),
(2000, 2358),
(2000, 2805),
(2000, 2678),
(2000, 2176),
(2000, 2962),
(2000, 2305),
(2000, 2947),
(2000, 2141),
(2000, 2484),
(2000, 2745),
(2001, 2007),
(2001, 2370),
(2001, 2417),
(2001, 2336),
(2001, 2418),
(2001, 2873),
(2001, 2142),
(2001, 2799),
(2001, 2070),
(2001, 2759),
(2001, 2564),
(2001, 2334),
(2001, 2135),
(2001, 2810),
(2001, 2824),
(2001, 2196),
(2001, 2781),
(2001, 2434),
(2001, 2865),
(2001, 2200),
(2001, 2619),
(2001, 2149),
(2001, 2010),
(2001, 2306),
(2001, 2486),
(2001, 2833),
(2001, 2763),
(2001, 2540),
(2001, 2414),
(2001, 2650),
(2002, 2604),
(2002, 2563),
(2002, 2648),
(2002, 2810),
(2002, 2851),
(2002, 2753),
(2002, 2786),
(2002, 2613),
(2002, 2564),
(2002, 2327),
(2002, 2140),
(2002, 2490),
(2002, 2854),
(2002, 2439),
(2002, 2248),
(2002, 2861),
(2002, 2177),
(2002, 2417),
(2002, 2205),
(2002, 2781),
(2002, 2133),
(2002, 2605),
(2003, 2177),
(2003, 2142),
(2003, 2926),
(2003, 2334),
(2003, 2799),
(2003, 2083),
(2003, 2794),
(2003, 2865),
(2003, 2832),
(2003, 2848),
(2003, 2826),
(2003, 2296),
(2003, 2745),
(2003, 2786),
(2003, 2889),
(2003, 2397),
(2003, 2553),
(2003, 2883),
(2003, 2863),
(2003, 2637),
(2003, 2319),
(2004, 2270),
(2004, 2474),
(2004, 2116),
(2004, 2885),
(2004, 2603),
(2004, 2356),
(2004, 2392),
(2004, 2179),
(2004, 2040),
(2004, 2580),
(2004, 2641),
(2004, 2766),
(2004, 2701),
(2004, 2348),
(2004, 2472),
(2005, 2614),
(2005, 2832),
(2005, 2611),
(2005, 2221),
(2005, 2319),
(2005, 2424),
(2005, 2674),
(2005, 2641),
(2005, 2950),
(2005, 2095),
(2005, 2585),
(2005, 2575),
(2005, 2957),
(2005, 2603),
(2005, 2540),
(2005, 2265),
(2005, 2242),
(2005, 2443),
(2005, 2076),
(2005, 2007),
(2005, 2612),
(2005, 2431),
(2005, 2802),
(2005, 2864),
(2005, 2786),
(2005, 2334),
(2006, 2486),
(2006, 2320),
(2006, 2221),
(2006, 2865),
(2006, 2689),
(2006, 2786),
(2006, 2888),
(2006, 2967),
(2006, 2149),
(2006, 2179),
(2006, 2392),
(2006, 2133),
(2006, 2953),
(2006, 2327),
(2006, 2269),
(2006, 2192),
(2006, 2839),
(2006, 2193),
(2006, 2804),
(2006, 2774),
(2006, 2713),
(2006, 2650),
(2007, 2421),
(2007, 2418),
(2007, 2610),
(2007, 2900),
(2007, 2458),
(2007, 2991),
(2007, 2689),
(2007, 2498),
(2007, 2964),
(2007, 2256),
(2007, 2407),
(2007, 2779),
(2007, 2048),
(2007, 2436),
(2007, 2752),
(2007, 2334),
(2007, 2152),
(2007, 2429),
(2007, 2653),
(2007, 2884),
(2007, 2269),
(2007, 2604),
(2008, 2950),
(2008, 2698),
(2008, 2334),
(2008, 2753),
(2008, 2505),
(2008, 2397),
(2008, 2328),
(2008, 2861),
(2008, 2832),
(2008, 2563),
(2008, 2152),
(2008, 2920),
(2008, 2095),
(2008, 2020),
(2008, 2947),
(2008, 2097),
(2008, 2182),
(2008, 2623),
(2008, 2296),
(2009, 2059),
(2009, 2256),
(2009, 2475),
(2009, 2029),
(2009, 2508),
(2009, 2605),
(2009, 2884),
(2009, 2141),
(2009, 2405),
(2009, 2664),
(2009, 2367),
(2009, 2713),
(2009, 2640),
(2009, 2980),
(2009, 2397),
(2009, 2299),
(2009, 2149),
(2009, 2947),
(2009, 2100),
(2009, 2870),
(2009, 2210),
(2009, 2465),
(2009, 2863),
(2009, 2296),
(2009, 2144),
(2009, 2202),
(2009, 2522),
(2009, 2011),
(2009, 2192),
(2010, 2353),
(2010, 2367),
(2010, 2513),
(2010, 2239),
(2010, 2753),
(2010, 2507),
(2010, 2095),
(2010, 2238),
(2010, 2313),
(2010, 2078),
(2010, 2699),
(2010, 2733),
(2010, 2967),
(2010, 2089),
(2010, 2384),
(2010, 2610),
(2010, 2022),
(2010, 2994),
(2010, 2656),
(2010, 2690),
(2010, 2178),
(2010, 2730),
(2011, 2648),
(2011, 2060),
(2011, 2336),
(2011, 2178),
(2011, 2888),
(2011, 2608),
(2011, 2159),
(2011, 2239),
(2011, 2736),
(2011, 2015),
(2011, 2767),
(2011, 2571),
(2011, 2346),
(2011, 2442),
(2011, 2069),
(2011, 2006),
(2011, 2580),
(2012, 2877),
(2012, 2415),
(2012, 2815),
(2012, 2178),
(2012, 2994),
(2012, 2854),
(2012, 2441),
(2012, 2009),
(2012, 2121),
(2012, 2685),
(2012, 2799),
(2012, 2092),
(2012, 2392),
(2012, 2374),
(2012, 2367),
(2012, 2308),
(2013, 2575),
(2013, 2629),
(2013, 2276),
(2013, 2193),
(2013, 2502),
(2013, 2527),
(2013, 2626),
(2013, 2418),
(2013, 2962),
(2013, 2340),
(2014, 2702),
(2014, 2535),
(2014, 2964),
(2014, 2200),
(2014, 2616),
(2014, 2308),
(2014, 2407),
(2014, 2242),
(2014, 2334),
(2014, 2319),
(2014, 2435),
(2014, 2799),
(2014, 2457),
(2014, 2522),
(2014, 2034),
(2014, 2502),
(2014, 2648),
(2015, 2280),
(2015, 2019),
(2015, 2276),
(2015, 2243),
(2015, 2504),
(2015, 2433),
(2015, 2874),
(2015, 2367),
(2015, 2228),
(2015, 2701),
(2015, 2824),
(2015, 2654),
(2015, 2159),
(2015, 2358),
(2015, 2780),
(2016, 2029),
(2016, 2442),
(2016, 2435),
(2016, 2995),
(2016, 2072),
(2016, 2618),
(2016, 2640),
(2016, 2873),
(2016, 2036),
(2016, 2457),
(2016, 2221),
(2016, 2155),
(2016, 2158),
(2016, 2482),
(2016, 2040),
(2016, 2767),
(2016, 2736),
(2016, 2012),
(2016, 2643),
(2016, 2295),
(2016, 2102),
(2016, 2348),
(2017, 2606),
(2017, 2146),
(2017, 2874),
(2017, 2095),
(2017, 2305),
(2017, 2345),
(2017, 2494),
(2017, 2340),
(2017, 2704),
(2017, 2359),
(2017, 2056),
(2017, 2745),
(2017, 2950),
(2017, 2050),
(2017, 2880),
(2017, 2678),
(2017, 2946),
(2017, 2306),
(2017, 2481),
(2017, 2442),
(2018, 2571),
(2018, 2428),
(2018, 2750),
(2018, 2912),
(2018, 2779),
(2018, 2089),
(2018, 2338),
(2018, 2887),
(2018, 2947),
(2018, 2969),
(2018, 2826),
(2018, 2078),
(2018, 2328),
(2018, 2326),
(2018, 2532),
(2018, 2538),
(2018, 2003),
(2018, 2914),
(2018, 2425),
(2018, 2182),
(2018, 2942),
(2018, 2781),
(2018, 2396),
(2018, 2861),
(2018, 2533),
(2018, 2238),
(2019, 2498),
(2019, 2994),
(2019, 2535),
(2019, 2954),
(2019, 2474),
(2019, 2733),
(2019, 2083),
(2019, 2107),
(2019, 2372),
(2019, 2771),
(2019, 2953),
(2019, 2804),
(2020, 2138),
(2020, 2402),
(2020, 2317),
(2020, 2662),
(2020, 2424),
(2020, 2062),
(2020, 2919),
(2020, 2042),
(2020, 2957),
(2020, 2089),
(2020, 2195),
(2020, 2896),
(2020, 2527),
(2020, 2193),
(2020, 2235),
(2020, 2192),
(2020, 2347),
(2020, 2628),
(2020, 2538),
(2020, 2482),
(2020, 2908),
(2020, 2276),
(2020, 2230),
(2020, 2738),
(2020, 2447),
(2020, 2848),
(2020, 2932),
(2020, 2146),
(2020, 2736),
(2021, 2235),
(2021, 2533),
(2021, 2262),
(2021, 2507),
(2021, 2624),
(2021, 2286),
(2021, 2317),
(2021, 2197),
(2021, 2328),
(2021, 2753),
(2021, 2880),
(2021, 2448),
(2021, 2781),
(2021, 2766),
(2021, 2765),
(2021, 2072),
(2021, 2888),
(2021, 2040),
(2021, 2913),
(2021, 2296),
(2021, 2355),
(2021, 2908),
(2021, 2442),
(2021, 2495),
(2021, 2896),
(2021, 2097),
(2021, 2347),
(2021, 2308),
(2021, 2525),
(2021, 2963),
(2022, 2484),
(2022, 2504),
(2022, 2739),
(2022, 2159),
(2022, 2780),
(2022, 2125),
(2022, 2794),
(2022, 2344),
(2022, 2197),
(2022, 2880),
(2022, 2453),
(2023, 2698),
(2023, 2339),
(2023, 2276),
(2023, 2359),
(2023, 2059),
(2023, 2356),
(2023, 2833),
(2023, 2913),
(2023, 2949),
(2023, 2720),
(2023, 2991),
(2023, 2504),
(2023, 2780),
(2023, 2647),
(2023, 2147),
(2024, 2606),
(2024, 2280),
(2024, 2152),
(2024, 2436),
(2024, 2101),
(2024, 2932),
(2024, 2804),
(2024, 2700),
(2024, 2016),
(2024, 2245),
(2024, 2851),
(2024, 2044),
(2024, 2738),
(2024, 2492),
(2025, 2863),
(2025, 2913),
(2025, 2896),
(2025, 2141),
(2025, 2942),
(2025, 2884),
(2025, 2396),
(2025, 2833),
(2025, 2815),
(2025, 2319),
(2025, 2177),
(2025, 2293),
(2025, 2880),
(2025, 2950),
(2025, 2739),
(2025, 2095),
(2025, 2296),
(2025, 2770),
(2025, 2367),
(2025, 2083),
(2025, 2268),
(2025, 2384),
(2025, 2946),
(2025, 2402),
(2025, 2994),
(2025, 2912),
(2025, 2135),
(2025, 2618),
(2025, 2044),
(2025, 2270),
(2026, 2229),
(2026, 2604),
(2026, 2364),
(2026, 2270),
(2026, 2623),
(2026, 2159),
(2026, 2262),
(2026, 2327),
(2026, 2568),
(2026, 2089),
(2026, 2004),
(2026, 2585),
(2026, 2048),
(2026, 2653),
(2026, 2521),
(2026, 2702),
(2026, 2407),
(2027, 2319),
(2027, 2312),
(2027, 2969),
(2027, 2313),
(2027, 2616),
(2027, 2949),
(2027, 2300),
(2027, 2738),
(2027, 2794),
(2027, 2143),
(2027, 2611),
(2027, 2417),
(2027, 2518),
(2027, 2826),
(2027, 2495),
(2027, 2767),
(2027, 2447),
(2027, 2647),
(2027, 2137),
(2027, 2109),
(2027, 2206),
(2027, 2629),
(2027, 2320),
(2027, 2339),
(2027, 2195),
(2027, 2338),
(2027, 2484),
(2027, 2786),
(2027, 2107),
(2028, 2322),
(2028, 2954),
(2028, 2197),
(2028, 2995),
(2028, 2015),
(2028, 2832),
(2028, 2178),
(2028, 2467),
(2028, 2320),
(2028, 2980),
(2028, 2631),
(2028, 2408),
(2028, 2953),
(2028, 2525),
(2028, 2007),
(2028, 2319),
(2029, 2533),
(2029, 2948),
(2029, 2359),
(2029, 2912),
(2029, 2206),
(2029, 2805),
(2029, 2543),
(2029, 2435),
(2029, 2896),
(2029, 2010),
(2029, 2513),
(2029, 2243),
(2030, 2197),
(2030, 2408),
(2030, 2396),
(2030, 2495),
(2030, 2294),
(2030, 2286),
(2030, 2254),
(2030, 2614),
(2030, 2429),
(2030, 2205),
(2030, 2296),
(2030, 2606),
(2030, 2308),
(2030, 2235),
(2030, 2583),
(2030, 2147),
(2030, 2146),
(2030, 2436),
(2030, 2608),
(2030, 2081),
(2030, 2770),
(2030, 2889),
(2031, 2624),
(2031, 2533),
(2031, 2149),
(2031, 2508),
(2031, 2954),
(2031, 2950),
(2031, 2563),
(2031, 2097),
(2031, 2312),
(2031, 2240),
(2031, 2044),
(2031, 2355),
(2031, 2101),
(2031, 2629),
(2031, 2805),
(2031, 2402),
(2031, 2414),
(2031, 2492),
(2031, 2141),
(2031, 2698),
(2031, 2770),
(2031, 2009),
(2031, 2873),
(2031, 2206),
(2031, 2664),
(2032, 2078),
(2032, 2144),
(2032, 2750),
(2032, 2914),
(2032, 2230),
(2032, 2756),
(2032, 2865),
(2032, 2826),
(2032, 2178),
(2032, 2036),
(2032, 2381),
(2032, 2701),
(2032, 2762),
(2032, 2502),
(2032, 2426),
(2032, 2730),
(2032, 2922),
(2032, 2297),
(2033, 2771),
(2033, 2336),
(2033, 2202),
(2033, 2346),
(2033, 2823),
(2033, 2317),
(2033, 2431),
(2033, 2200),
(2033, 2230),
(2033, 2276),
(2033, 2739),
(2033, 2770),
(2033, 2494),
(2033, 2781),
(2033, 2196),
(2033, 2810),
(2033, 2698),
(2033, 2948),
(2033, 2932),
(2034, 2640),
(2034, 2102),
(2034, 2210),
(2034, 2414),
(2034, 2484),
(2034, 2794),
(2034, 2196),
(2034, 2603),
(2034, 2339),
(2034, 2069),
(2034, 2698),
(2034, 2417),
(2034, 2513),
(2034, 2003),
(2034, 2366),
(2034, 2421),
(2034, 2275),
(2034, 2312),
(2034, 2436),
(2034, 2317),
(2034, 2774),
(2034, 2407),
(2034, 2424),
(2034, 2685),
(2034, 2583),
(2035, 2268),
(2035, 2914),
(2035, 2995),
(2035, 2486),
(2035, 2299),
(2035, 2887),
(2035, 2767),
(2035, 2568),
(2035, 2538),
(2035, 2178),
(2035, 2313),
(2035, 2733),
(2036, 2791),
(2036, 2991),
(2036, 2699),
(2036, 2771),
(2036, 2364),
(2036, 2689),
(2036, 2583),
(2036, 2705),
(2036, 2336),
(2036, 2833),
(2036, 2312),
(2036, 2242),
(2037, 2101),
(2037, 2662),
(2037, 2839),
(2037, 2121),
(2037, 2147),
(2037, 2308),
(2037, 2243),
(2037, 2350),
(2037, 2730),
(2037, 2019),
(2037, 2564),
(2037, 2015),
(2037, 2044),
(2037, 2345),
(2037, 2505),
(2037, 2195),
(2037, 2254),
(2037, 2402),
(2037, 2418),
(2037, 2657),
(2038, 2070),
(2038, 2559),
(2038, 2913),
(2038, 2490),
(2038, 2294),
(2038, 2738),
(2038, 2415),
(2038, 2372),
(2038, 2874),
(2038, 2211),
(2038, 2235),
(2038, 2364),
(2038, 2870),
(2038, 2100),
(2038, 2239),
(2038, 2589),
(2038, 2690),
(2038, 2436),
(2038, 2781),
(2038, 2813),
(2038, 2750),
(2038, 2016),
(2038, 2458),
(2038, 2473),
(2039, 2862),
(2039, 2908),
(2039, 2441),
(2039, 2347),
(2039, 2585),
(2039, 2472),
(2039, 2763),
(2039, 2954),
(2039, 2999),
(2039, 2092),
(2039, 2508),
(2039, 2530),
(2039, 2143),
(2039, 2262),
(2040, 2610),
(2040, 2672),
(2040, 2791),
(2040, 2980),
(2040, 2176),
(2040, 2327),
(2040, 2026),
(2040, 2334),
(2040, 2767),
(2040, 2407),
(2040, 2629),
(2040, 2210),
(2040, 2433),
(2040, 2421),
(2040, 2888),
(2040, 2922),
(2040, 2197),
(2040, 2999),
(2040, 2336),
(2040, 2771),
(2040, 2865),
(2040, 2003),
(2040, 2637),
(2040, 2286),
(2041, 2946),
(2041, 2188),
(2041, 2386),
(2041, 2312),
(2041, 2770),
(2041, 2635),
(2041, 2579),
(2041, 2995),
(2041, 2146),
(2041, 2543),
(2041, 2896),
(2041, 2290),
(2041, 2286),
(2041, 2240),
(2041, 2813),
(2041, 2357),
(2041, 2421),
(2041, 2475),
(2041, 2429),
(2041, 2042),
(2041, 2195),
(2041, 2141),
(2041, 2007),
(2041, 2833),
(2041, 2065),
(2041, 2069),
(2041, 2920),
(2041, 2026),
(2042, 2239),
(2042, 2022),
(2042, 2141),
(2042, 2533),
(2042, 2448),
(2042, 2346),
(2042, 2158),
(2042, 2372),
(2042, 2580),
(2042, 2313),
(2043, 2344),
(2043, 2367),
(2043, 2490),
(2043, 2695),
(2043, 2848),
(2043, 2932),
(2043, 2192),
(2043, 2629),
(2043, 2097),
(2043, 2308),
(2043, 2702),
(2043, 2766),
(2043, 2874),
(2043, 2159),
(2043, 2964),
(2043, 2030),
(2043, 2408),
(2043, 2029),
(2043, 2699),
(2043, 2668),
(2043, 2009),
(2043, 2381),
(2043, 2640),
(2043, 2221),
(2043, 2802),
(2043, 2173),
(2044, 2494),
(2044, 2631),
(2044, 2641),
(2044, 2356),
(2044, 2202),
(2044, 2759),
(2044, 2109),
(2044, 2657),
(2044, 2525),
(2044, 2949),
(2044, 2888),
(2045, 2380),
(2045, 2322),
(2045, 2805),
(2045, 2407),
(2045, 2246),
(2045, 2791),
(2045, 2228),
(2045, 2269),
(2045, 2674),
(2045, 2571),
(2045, 2629),
(2045, 2878),
(2045, 2374),
(2045, 2392),
(2045, 2647),
(2045, 2580),
(2045, 2948),
(2045, 2136),
(2045, 2011),
(2045, 2147),
(2045, 2815),
(2045, 2143),
(2045, 2530),
(2045, 2579),
(2045, 2300),
(2045, 2690),
(2046, 2533),
(2046, 2092),
(2046, 2294),
(2046, 2521),
(2046, 2839),
(2046, 2877),
(2046, 2276),
(2046, 2439),
(2046, 2242),
(2046, 2495),
(2046, 2230),
(2046, 2824),
(2046, 2698),
(2046, 2364),
(2046, 2290),
(2046, 2883),
(2046, 2481),
(2046, 2690),
(2046, 2823),
(2046, 2107),
(2046, 2762),
(2046, 2136),
(2046, 2953),
(2046, 2553),
(2046, 2530),
(2046, 2367),
(2047, 2874),
(2047, 2300),
(2047, 2384),
(2047, 2347),
(2047, 2810),
(2047, 2245),
(2047, 2606),
(2047, 2847),
(2047, 2889),
(2047, 2374),
(2047, 2794),
(2047, 2396),
(2047, 2295),
(2047, 2674),
(2047, 2426),
(2047, 2345),
(2048, 2604),
(2048, 2085),
(2048, 2525),
(2048, 2643),
(2048, 2149),
(2048, 2484),
(2048, 2121),
(2048, 2668),
(2048, 2443),
(2048, 2527),
(2048, 2873),
(2048, 2046),
(2048, 2200),
(2048, 2900),
(2048, 2296),
(2048, 2770),
(2048, 2060),
(2048, 2880),
(2048, 2522),
(2048, 2647),
(2048, 2300),
(2049, 2932),
(2049, 2196),
(2049, 2228),
(2049, 2062),
(2049, 2402),
(2049, 2137),
(2049, 2864),
(2049, 2848),
(2049, 2824),
(2049, 2425),
(2049, 2095),
(2049, 2313),
(2049, 2305),
(2050, 2206),
(2050, 2141),
(2050, 2948),
(2050, 2136),
(2050, 2152),
(2050, 2188),
(2050, 2193),
(2050, 2295),
(2050, 2980),
(2050, 2418),
(2050, 2254),
(2050, 2010),
(2050, 2414),
(2050, 2836),
(2050, 2211),
(2050, 2121),
(2050, 2280),
(2050, 2804),
(2050, 2580),
(2050, 2865),
(2050, 2196),
(2050, 2245),
(2050, 2293),
(2050, 2221),
(2050, 2862),
(2050, 2826),
(2050, 2534),
(2051, 2097),
(2051, 2679),
(2051, 2527),
(2051, 2362),
(2051, 2384),
(2051, 2046),
(2051, 2029),
(2051, 2295),
(2051, 2626),
(2051, 2364),
(2051, 2142),
(2051, 2762),
(2051, 2070),
(2051, 2429),
(2051, 2538),
(2051, 2994),
(2051, 2794),
(2051, 2657),
(2051, 2155),
(2051, 2322),
(2051, 2121),
(2051, 2674),
(2051, 2613),
(2051, 2308),
(2051, 2603),
(2051, 2060),
(2051, 2689),
(2051, 2004),
(2052, 2317),
(2052, 2767),
(2052, 2730),
(2052, 2269),
(2052, 2650),
(2052, 2635),
(2052, 2498),
(2052, 2059),
(2052, 2926),
(2052, 2305),
(2052, 2973),
(2052, 2229),
(2052, 2690),
(2052, 2641),
(2052, 2016),
(2052, 2900),
(2052, 2042),
(2052, 2567),
(2052, 2197),
(2052, 2050),
(2052, 2246),
(2052, 2644),
(2052, 2532),
(2052, 2238),
(2053, 2539),
(2053, 2770),
(2053, 2756),
(2053, 2319),
(2053, 2527),
(2053, 2495),
(2053, 2011),
(2053, 2095),
(2053, 2294),
(2053, 2862),
(2053, 2347),
(2053, 2672),
(2053, 2571),
(2053, 2060),
(2053, 2999),
(2053, 2179),
(2053, 2889),
(2053, 2003),
(2053, 2453),
(2053, 2044),
(2053, 2950),
(2053, 2641),
(2053, 2656),
(2053, 2046),
(2053, 2262),
(2053, 2248),
(2053, 2396),
(2053, 2738),
(2053, 2034),
(2054, 2286),
(2054, 2583),
(2054, 2255),
(2054, 2532),
(2054, 2116),
(2054, 2040),
(2054, 2402),
(2054, 2674),
(2054, 2320),
(2054, 2832),
(2054, 2348),
(2054, 2913),
(2054, 2884),
(2054, 2294),
(2054, 2146),
(2054, 2407),
(2054, 2932),
(2054, 2213),
(2054, 2149),
(2054, 2442),
(2054, 2089),
(2054, 2083),
(2054, 2076),
(2054, 2178),
(2054, 2759),
(2054, 2007),
(2054, 2604),
(2055, 2135),
(2055, 2251),
(2055, 2344),
(2055, 2230),
(2055, 2300),
(2055, 2140),
(2055, 2256),
(2055, 2589),
(2055, 2441),
(2055, 2604),
(2055, 2950),
(2055, 2006),
(2055, 2635),
(2055, 2211),
(2055, 2319),
(2055, 2700),
(2055, 2276),
(2055, 2614),
(2055, 2603),
(2055, 2568),
(2056, 2887),
(2056, 2889),
(2056, 2026),
(2056, 2616),
(2056, 2614),
(2056, 2653),
(2056, 2065),
(2056, 2136),
(2056, 2481),
(2056, 2540),
(2056, 2786),
(2056, 2765),
(2056, 2239),
(2056, 2431),
(2056, 2946),
(2056, 2196),
(2056, 2713),
(2056, 2701),
(2056, 2085),
(2056, 2739),
(2056, 2143),
(2056, 2623),
(2056, 2076),
(2056, 2785),
(2056, 2428),
(2056, 2358),
(2056, 2397),
(2057, 2564),
(2057, 2647),
(2057, 2102),
(2057, 2643),
(2057, 2745),
(2057, 2544),
(2057, 2690),
(2057, 2833),
(2057, 2848),
(2057, 2484),
(2057, 2756),
(2057, 2668),
(2057, 2334),
(2057, 2919),
(2057, 2826),
(2057, 2056),
(2057, 2136),
(2057, 2012),
(2057, 2474),
(2057, 2702),
(2057, 2276),
(2057, 2196),
(2057, 2060),
(2057, 2481),
(2057, 2248),
(2057, 2362),
(2058, 2698),
(2058, 2896),
(2058, 2486),
(2058, 2946),
(2058, 2518),
(2058, 2193),
(2058, 2177),
(2058, 2262),
(2058, 2034),
(2058, 2004),
(2058, 2155),
(2058, 2714),
(2058, 2614),
(2058, 2146),
(2058, 2964),
(2058, 2650),
(2058, 2637),
(2058, 2532),
(2058, 2583),
(2059, 2832),
(2059, 2472),
(2059, 2786),
(2059, 2932),
(2059, 2637),
(2059, 2864),
(2059, 2679),
(2059, 2605),
(2059, 2056),
(2059, 2648),
(2059, 2193),
(2059, 2739),
(2059, 2483),
(2059, 2613),
(2059, 2364),
(2059, 2155),
(2059, 2805),
(2059, 2016),
(2059, 2664),
(2059, 2059),
(2059, 2078),
(2059, 2794),
(2059, 2299),
(2059, 2950),
(2059, 2229),
(2060, 2348),
(2060, 2495),
(2060, 2580),
(2060, 2854),
(2060, 2356),
(2060, 2069),
(2060, 2770),
(2060, 2245),
(2060, 2177),
(2060, 2319),
(2061, 2229),
(2061, 2193),
(2061, 2763),
(2061, 2733),
(2061, 2779),
(2061, 2472),
(2061, 2200),
(2061, 2133),
(2061, 2575),
(2061, 2107),
(2061, 2202),
(2061, 2492),
(2061, 2653),
(2062, 2012),
(2062, 2146),
(2062, 2472),
(2062, 2794),
(2062, 2305),
(2062, 2268),
(2062, 2152),
(2062, 2195),
(2062, 2934),
(2062, 2654),
(2062, 2896),
(2062, 2564),
(2062, 2484),
(2062, 2543),
(2062, 2534),
(2062, 2701),
(2062, 2672),
(2062, 2873),
(2062, 2491),
(2063, 2290),
(2063, 2034),
(2063, 2543),
(2063, 2102),
(2063, 2048),
(2063, 2044),
(2063, 2083),
(2063, 2949),
(2063, 2056),
(2063, 2836),
(2063, 2700),
(2063, 2270),
(2063, 2210),
(2063, 2763),
(2063, 2238),
(2063, 2750),
(2063, 2999),
(2063, 2473),
(2063, 2428),
(2063, 2068),
(2063, 2312),
(2063, 2293),
(2063, 2350),
(2064, 2699),
(2064, 2896),
(2064, 2810),
(2064, 2833),
(2064, 2144),
(2064, 2603),
(2064, 2847),
(2064, 2029),
(2064, 2173),
(2064, 2913),
(2064, 2355),
(2064, 2759),
(2064, 2991),
(2064, 2656),
(2064, 2429),
(2064, 2861),
(2064, 2878),
(2064, 2908),
(2064, 2714),
(2064, 2942),
(2064, 2136),
(2064, 2484),
(2064, 2994),
(2064, 2530),
(2064, 2317),
(2064, 2631),
(2064, 2805),
(2064, 2345),
(2064, 2973),
(2064, 2050),
(2065, 2863),
(2065, 2211),
(2065, 2317),
(2065, 2771),
(2065, 2246),
(2065, 2296),
(2065, 2736),
(2065, 2753),
(2065, 2380),
(2065, 2567),
(2065, 2492),
(2065, 2623),
(2065, 2436),
(2065, 2188),
(2065, 2644),
(2065, 2159),
(2065, 2611),
(2065, 2350),
(2065, 2544),
(2066, 2243),
(2066, 2564),
(2066, 2345),
(2066, 2182),
(2066, 2141),
(2066, 2436),
(2066, 2672),
(2066, 2362),
(2066, 2392),
(2066, 2605),
(2066, 2344),
(2066, 2334),
(2066, 2434),
(2066, 2359),
(2066, 2256),
(2066, 2932),
(2066, 2011),
(2066, 2628),
(2066, 2700),
(2066, 2003),
(2066, 2036),
(2066, 2657),
(2066, 2022),
(2066, 2297),
(2066, 2062),
(2067, 2152),
(2067, 2286),
(2067, 2635),
(2067, 2616),
(2067, 2448),
(2067, 2040),
(2067, 2540),
(2067, 2534),
(2067, 2739),
(2067, 2695),
(2067, 2643),
(2067, 2605),
(2067, 2626),
(2067, 2603),
(2067, 2533),
(2067, 2475),
(2067, 2836),
(2068, 2290),
(2068, 2229),
(2068, 2920),
(2068, 2525),
(2068, 2698),
(2068, 2275),
(2068, 2913),
(2068, 2504),
(2068, 2245),
(2068, 2718),
(2068, 2050),
(2068, 2813),
(2068, 2662),
(2068, 2714),
(2068, 2144),
(2068, 2004),
(2068, 2327),
(2068, 2995),
(2068, 2200),
(2068, 2604),
(2068, 2344),
(2068, 2635),
(2068, 2016),
(2068, 2238),
(2068, 2877),
(2068, 2579),
(2068, 2205),
(2068, 2656),
(2069, 2268),
(2069, 2428),
(2069, 2618),
(2069, 2650),
(2069, 2146),
(2069, 2254),
(2069, 2397),
(2069, 2786),
(2069, 2832),
(2069, 2362),
(2069, 2265),
(2069, 2535),
(2069, 2357),
(2069, 2530),
(2069, 2327),
(2069, 2504),
(2069, 2885),
(2069, 2657),
(2070, 2861),
(2070, 2563),
(2070, 2290),
(2070, 2999),
(2070, 2048),
(2070, 2441),
(2070, 2294),
(2070, 2907),
(2070, 2713),
(2070, 2276),
(2070, 2347),
(2070, 2616),
(2070, 2950),
(2070, 2583),
(2070, 2701),
(2070, 2016),
(2070, 2791),
(2070, 2932),
(2070, 2009),
(2070, 2015),
(2070, 2474),
(2070, 2969),
(2070, 2340),
(2070, 2355),
(2070, 2364),
(2070, 2877),
(2070, 2036),
(2070, 2949),
(2070, 2336),
(2071, 2771),
(2071, 2883),
(2071, 2308),
(2071, 2685),
(2071, 2006),
(2071, 2704),
(2071, 2641),
(2071, 2864),
(2071, 2286),
(2071, 2327),
(2071, 2579),
(2071, 2246),
(2071, 2954),
(2071, 2483),
(2071, 2102),
(2071, 2384),
(2071, 2700),
(2071, 2221),
(2072, 2900),
(2072, 2605),
(2072, 2579),
(2072, 2205),
(2072, 2050),
(2072, 2539),
(2072, 2009),
(2072, 2030),
(2072, 2889),
(2072, 2705),
(2072, 2340),
(2072, 2635),
(2072, 2179),
(2073, 2942),
(2073, 2763),
(2073, 2614),
(2073, 2949),
(2073, 2762),
(2073, 2896),
(2073, 2428),
(2073, 2606),
(2073, 2914),
(2073, 2188),
(2073, 2518),
(2073, 2441),
(2073, 2733),
(2073, 2327),
(2073, 2967),
(2073, 2407),
(2073, 2738),
(2073, 2887),
(2073, 2770),
(2073, 2851),
(2073, 2800),
(2074, 2022),
(2074, 2934),
(2074, 2254),
(2074, 2753),
(2074, 2350),
(2074, 2884),
(2074, 2100),
(2074, 2647),
(2074, 2713),
(2074, 2702),
(2074, 2563),
(2075, 2629),
(2075, 2030),
(2075, 2059),
(2075, 2567),
(2075, 2999),
(2075, 2505),
(2075, 2832),
(2075, 2443),
(2075, 2878),
(2075, 2405),
(2075, 2290),
(2075, 2688),
(2075, 2779),
(2075, 2630),
(2075, 2579),
(2075, 2072),
(2075, 2913),
(2075, 2967),
(2075, 2701),
(2075, 2884),
(2075, 2580),
(2075, 2458),
(2075, 2623),
(2075, 2920),
(2075, 2417),
(2075, 2914),
(2075, 2950),
(2076, 2405),
(2076, 2926),
(2076, 2344),
(2076, 2076),
(2076, 2293),
(2076, 2543),
(2076, 2832),
(2076, 2854),
(2076, 2312),
(2076, 2137),
(2076, 2672),
(2076, 2614),
(2076, 2070),
(2076, 2133),
(2076, 2836),
(2076, 2034),
(2076, 2750),
(2076, 2962),
(2076, 2078),
(2076, 2426),
(2076, 2745),
(2076, 2396),
(2076, 2364),
(2077, 2610),
(2077, 2300),
(2077, 2919),
(2077, 2543),
(2077, 2392),
(2077, 2739),
(2077, 2932),
(2077, 2635),
(2077, 2756),
(2077, 2995),
(2077, 2132),
(2077, 2151),
(2077, 2434),
(2077, 2738),
(2077, 2964),
(2077, 2628),
(2077, 2007),
(2077, 2125),
(2077, 2396),
(2077, 2362),
(2078, 2421),
(2078, 2465),
(2078, 2611),
(2078, 2794),
(2078, 2780),
(2078, 2505),
(2078, 2347),
(2078, 2141),
(2078, 2530),
(2078, 2630),
(2078, 2949),
(2078, 2950),
(2078, 2297),
(2078, 2870),
(2078, 2475),
(2078, 2327),
(2078, 2256),
(2078, 2010),
(2079, 2786),
(2079, 2913),
(2079, 2235),
(2079, 2137),
(2079, 2348),
(2079, 2767),
(2079, 2213),
(2079, 2173),
(2079, 2068),
(2079, 2611),
(2079, 2851),
(2079, 2495),
(2079, 2994),
(2079, 2484),
(2079, 2689),
(2079, 2133),
(2079, 2408),
(2079, 2178),
(2079, 2486),
(2080, 2502),
(2080, 2874),
(2080, 2176),
(2080, 2030),
(2080, 2650),
(2080, 2270),
(2080, 2583),
(2080, 2188),
(2080, 2439),
(2080, 2475),
(2080, 2877),
(2080, 2149),
(2080, 2200),
(2080, 2750),
(2080, 2762),
(2080, 2256),
(2080, 2614),
(2080, 2631),
(2080, 2269),
(2080, 2688),
(2081, 2964),
(2081, 2144),
(2081, 2256),
(2081, 2535),
(2081, 2624),
(2081, 2657),
(2081, 2116),
(2081, 2059),
(2081, 2434),
(2081, 2756),
(2081, 2668),
(2081, 2980),
(2081, 2824),
(2081, 2381),
(2081, 2847),
(2081, 2874),
(2081, 2060),
(2081, 2140),
(2081, 2206),
(2081, 2173),
(2081, 2433),
(2081, 2738),
(2082, 2050),
(2082, 2525),
(2082, 2777),
(2082, 2366),
(2082, 2345),
(2082, 2408),
(2082, 2176),
(2082, 2553),
(2082, 2448),
(2082, 2932),
(2082, 2765),
(2082, 2155),
(2082, 2919),
(2082, 2701),
(2082, 2317),
(2082, 2270),
(2082, 2195),
(2082, 2140),
(2083, 2297),
(2083, 2854),
(2083, 2873),
(2083, 2392),
(2083, 2097),
(2083, 2780),
(2083, 2178),
(2083, 2518),
(2083, 2878),
(2083, 2408),
(2083, 2475),
(2083, 2290),
(2083, 2949),
(2084, 2553),
(2084, 2101),
(2084, 2453),
(2084, 2736),
(2084, 2662),
(2084, 2353),
(2084, 2861),
(2084, 2525),
(2084, 2700),
(2084, 2240),
(2084, 2176),
(2084, 2753),
(2084, 2781),
(2084, 2889),
(2084, 2800),
(2084, 2367),
(2084, 2245),
(2084, 2072),
(2084, 2610),
(2084, 2083),
(2084, 2664),
(2084, 2896),
(2084, 2513),
(2084, 2415),
(2084, 2135),
(2084, 2752),
(2084, 2011),
(2085, 2358),
(2085, 2448),
(2085, 2713),
(2085, 2685),
(2085, 2004),
(2085, 2718),
(2085, 2762),
(2085, 2847),
(2085, 2648),
(2085, 2544),
(2085, 2644),
(2085, 2238),
(2085, 2246),
(2085, 2255),
(2085, 2319),
(2085, 2012),
(2085, 2256),
(2085, 2786),
(2085, 2326),
(2085, 2527),
(2085, 2635),
(2085, 2884),
(2085, 2730),
(2085, 2036),
(2085, 2359),
(2085, 2705),
(2085, 2889),
(2085, 2848),
(2085, 2402),
(2086, 2042),
(2086, 2888),
(2086, 2230),
(2086, 2865),
(2086, 2654),
(2086, 2255),
(2086, 2713),
(2086, 2486),
(2086, 2443),
(2086, 2635),
(2086, 2144),
(2086, 2611),
(2086, 2702),
(2086, 2135),
(2086, 2610),
(2086, 2614),
(2086, 2826),
(2086, 2900),
(2086, 2334),
(2086, 2243),
(2086, 2362),
(2086, 2428),
(2086, 2750),
(2086, 2508),
(2086, 2132),
(2086, 2884),
(2086, 2912),
(2086, 2009),
(2086, 2029),
(2086, 2125),
(2087, 2144),
(2087, 2320),
(2087, 2089),
(2087, 2571),
(2087, 2230),
(2087, 2839),
(2087, 2714),
(2087, 2851),
(2087, 2583),
(2087, 2384),
(2088, 2436),
(2088, 2718),
(2088, 2949),
(2088, 2605),
(2088, 2100),
(2088, 2089),
(2088, 2926),
(2088, 2908),
(2088, 2347),
(2088, 2753),
(2088, 2824),
(2088, 2791),
(2088, 2138),
(2088, 2256),
(2088, 2295),
(2088, 2690),
(2088, 2290),
(2088, 2221),
(2088, 2012),
(2088, 2994),
(2088, 2155),
(2088, 2953),
(2088, 2631),
(2088, 2040),
(2089, 2527),
(2089, 2640),
(2089, 2262),
(2089, 2132),
(2089, 2020),
(2089, 2009),
(2089, 2705),
(2089, 2913),
(2089, 2800),
(2089, 2889),
(2089, 2802),
(2089, 2092),
(2089, 2344),
(2089, 2695),
(2089, 2698),
(2089, 2654),
(2089, 2689),
(2089, 2799),
(2089, 2195),
(2090, 2759),
(2090, 2481),
(2090, 2964),
(2090, 2585),
(2090, 2467),
(2090, 2613),
(2090, 2022),
(2090, 2648),
(2090, 2926),
(2090, 2616),
(2090, 2465),
(2090, 2173),
(2090, 2518),
(2090, 2366),
(2090, 2865),
(2090, 2095),
(2090, 2942),
(2090, 2539),
(2090, 2714),
(2090, 2056),
(2090, 2713),
(2090, 2688),
(2090, 2508),
(2091, 2136),
(2091, 2484),
(2091, 2397),
(2091, 2344),
(2091, 2206),
(2091, 2702),
(2091, 2527),
(2091, 2327),
(2091, 2433),
(2091, 2750),
(2091, 2155),
(2091, 2733),
(2091, 2473),
(2091, 2836),
(2091, 2202),
(2091, 2319),
(2091, 2507),
(2091, 2490),
(2091, 2779),
(2091, 2270),
(2091, 2205),
(2091, 2678),
(2091, 2888),
(2092, 2265),
(2092, 2805),
(2092, 2604),
(2092, 2428),
(2092, 2733),
(2092, 2567),
(2092, 2268),
(2092, 2623),
(2092, 2870),
(2092, 2424),
(2092, 2705),
(2092, 2116),
(2092, 2946),
(2092, 2140),
(2092, 2211),
(2092, 2059),
(2092, 2765),
(2092, 2495),
(2092, 2689),
(2092, 2957),
(2092, 2657),
(2092, 2015),
(2092, 2767),
(2092, 2618),
(2092, 2779),
(2092, 2425),
(2092, 2848),
(2092, 2534),
(2092, 2854),
(2092, 2069),
(2093, 2428),
(2093, 2182),
(2093, 2415),
(2093, 2009),
(2093, 2338),
(2093, 2313),
(2093, 2580),
(2093, 2392),
(2093, 2650),
(2093, 2877),
(2093, 2345),
(2093, 2070),
(2093, 2730),
(2093, 2884),
(2093, 2085),
(2093, 2605),
(2093, 2107),
(2093, 2626),
(2093, 2672),
(2093, 2202),
(2093, 2374),
(2093, 2362),
(2093, 2619),
(2093, 2458),
(2093, 2196),
(2093, 2319),
(2093, 2140),
(2093, 2280),
(2094, 2107),
(2094, 2770),
(2094, 2135),
(2094, 2347),
(2094, 2851),
(2094, 2328),
(2094, 2069),
(2094, 2081),
(2094, 2688),
(2094, 2429),
(2094, 2653),
(2094, 2641),
(2094, 2980),
(2094, 2042),
(2094, 2200),
(2094, 2896),
(2094, 2973),
(2094, 2083),
(2094, 2140),
(2094, 2714),
(2094, 2009),
(2094, 2668),
(2094, 2011),
(2094, 2824),
(2094, 2800),
(2094, 2559),
(2095, 2405),
(2095, 2643),
(2095, 2603),
(2095, 2585),
(2095, 2786),
(2095, 2957),
(2095, 2338),
(2095, 2544),
(2095, 2453),
(2095, 2912),
(2095, 2583),
(2095, 2704),
(2095, 2527),
(2095, 2644),
(2095, 2417),
(2095, 2991),
(2095, 2116),
(2095, 2447),
(2095, 2297),
(2095, 2690),
(2095, 2240),
(2095, 2839),
(2095, 2848),
(2095, 2870),
(2095, 2442),
(2095, 2672),
(2095, 2425),
(2096, 2532),
(2096, 2862),
(2096, 2603),
(2096, 2527),
(2096, 2836),
(2096, 2465),
(2096, 2366),
(2096, 2865),
(2096, 2143),
(2096, 2059),
(2096, 2518),
(2096, 2839),
(2096, 2756),
(2096, 2295),
(2096, 2953),
(2096, 2381),
(2096, 2147),
(2096, 2736),
(2096, 2704),
(2096, 2738),
(2096, 2358),
(2096, 2431),
(2096, 2155),
(2096, 2759),
(2096, 2739),
(2097, 2630),
(2097, 2242),
(2097, 2948),
(2097, 2888),
(2097, 2802),
(2097, 2178),
(2097, 2525),
(2097, 2317),
(2097, 2836),
(2097, 2824),
(2097, 2070),
(2097, 2799),
(2098, 2407),
(2098, 2262),
(2098, 2141),
(2098, 2159),
(2098, 2794),
(2098, 2155),
(2098, 2097),
(2098, 2421),
(2098, 2883),
(2098, 2078),
(2098, 2173),
(2098, 2213),
(2098, 2870),
(2098, 2608),
(2098, 2780),
(2098, 2640),
(2099, 2539),
(2099, 2888),
(2099, 2200),
(2099, 2963),
(2099, 2374),
(2099, 2991),
(2099, 2805),
(2099, 2355),
(2099, 2397),
(2099, 2926),
(2099, 2999),
(2099, 2206),
(2099, 2883),
(2099, 2720),
(2099, 2623),
(2099, 2251),
(2099, 2765),
(2099, 2700),
(2099, 2326),
(2099, 2202),
(2100, 2006),
(2100, 2193),
(2100, 2050),
(2100, 2317),
(2100, 2100),
(2100, 2805),
(2100, 2443),
(2100, 2700),
(2100, 2396),
(2100, 2907),
(2100, 2418),
(2100, 2532),
(2100, 2357),
(2100, 2428),
(2100, 2752),
(2100, 2870),
(2100, 2243),
(2100, 2140),
(2100, 2255),
(2101, 2299),
(2101, 2612),
(2101, 2358),
(2101, 2353),
(2101, 2564),
(2101, 2635),
(2101, 2604),
(2101, 2486),
(2101, 2402),
(2101, 2650),
(2101, 2700),
(2101, 2132),
(2101, 2538),
(2101, 2081),
(2101, 2800),
(2102, 2247),
(2102, 2276),
(2102, 2786),
(2102, 2877),
(2102, 2635),
(2102, 2078),
(2102, 2003),
(2102, 2567),
(2102, 2919),
(2102, 2802),
(2102, 2140),
(2102, 2540),
(2102, 2571),
(2102, 2699),
(2102, 2046),
(2102, 2713),
(2102, 2695),
(2102, 2640),
(2102, 2999),
(2102, 2255),
(2102, 2262),
(2102, 2733),
(2102, 2152),
(2102, 2889),
(2102, 2611),
(2102, 2653),
(2102, 2439),
(2103, 2629),
(2103, 2433),
(2103, 2733),
(2103, 2770),
(2103, 2745),
(2103, 2140),
(2103, 2439),
(2103, 2653),
(2103, 2056),
(2103, 2888),
(2103, 2585),
(2103, 2964),
(2104, 2770),
(2104, 2553),
(2104, 2887),
(2104, 2068),
(2104, 2300),
(2104, 2810),
(2104, 2109),
(2104, 2949),
(2104, 2791),
(2104, 2465),
(2104, 2030),
(2104, 2954),
(2104, 2739),
(2104, 2425),
(2104, 2062),
(2104, 2255),
(2104, 2007),
(2104, 2518),
(2104, 2262),
(2104, 2132),
(2104, 2386),
(2104, 2482),
(2104, 2616),
(2105, 2805),
(2105, 2265),
(2105, 2101),
(2105, 2949),
(2105, 2339),
(2105, 2878),
(2105, 2246),
(2105, 2553),
(2105, 2794),
(2105, 2640),
(2105, 2458),
(2105, 2405),
(2105, 2873),
(2105, 2425),
(2105, 2195),
(2105, 2221),
(2105, 2340),
(2105, 2813),
(2105, 2092),
(2105, 2832),
(2106, 2873),
(2106, 2771),
(2106, 2704),
(2106, 2863),
(2106, 2885),
(2106, 2833),
(2106, 2345),
(2106, 2132),
(2106, 2358),
(2106, 2206),
(2106, 2606),
(2106, 2672),
(2106, 2530),
(2107, 2176),
(2107, 2559),
(2107, 2527),
(2107, 2704),
(2107, 2518),
(2107, 2370),
(2107, 2347),
(2107, 2308),
(2107, 2251),
(2107, 2182),
(2107, 2623),
(2107, 2328),
(2107, 2092),
(2107, 2407),
(2107, 2436),
(2107, 2530),
(2107, 2299),
(2108, 2143),
(2108, 2534),
(2108, 2823),
(2108, 2146),
(2108, 2240),
(2108, 2229),
(2108, 2995),
(2108, 2011),
(2108, 2770),
(2108, 2078),
(2108, 2101),
(2108, 2179),
(2108, 2296),
(2108, 2736),
(2108, 2320),
(2108, 2151),
(2108, 2967),
(2108, 2465),
(2109, 2262),
(2109, 2116),
(2109, 2785),
(2109, 2779),
(2109, 2668),
(2109, 2448),
(2109, 2739),
(2109, 2010),
(2109, 2397),
(2109, 2230),
(2109, 2158),
(2109, 2752),
(2109, 2774),
(2109, 2359),
(2109, 2623),
(2109, 2475),
(2109, 2265),
(2109, 2688),
(2109, 2101),
(2109, 2210),
(2109, 2832),
(2109, 2344),
(2109, 2472),
(2109, 2228),
(2109, 2070),
(2109, 2513),
(2109, 2402),
(2109, 2791),
(2109, 2912),
(2110, 2575),
(2110, 2635),
(2110, 2299),
(2110, 2481),
(2110, 2210),
(2110, 2490),
(2110, 2421),
(2110, 2851),
(2110, 2640),
(2110, 2326),
(2110, 2457),
(2110, 2269),
(2110, 2447),
(2110, 2954),
(2110, 2372),
(2110, 2532),
(2110, 2367),
(2110, 2648),
(2110, 2695),
(2110, 2802),
(2110, 2785),
(2110, 2919),
(2110, 2012),
(2110, 2630),
(2110, 2763),
(2110, 2999),
(2110, 2889),
(2110, 2750),
(2110, 2563),
(2110, 2957),
(2111, 2664),
(2111, 2397),
(2111, 2628),
(2111, 2508),
(2111, 2046),
(2111, 2097),
(2111, 2896),
(2111, 2699),
(2111, 2948),
(2111, 2530),
(2111, 2297),
(2111, 2942),
(2111, 2641),
(2111, 2612),
(2111, 2448),
(2111, 2294),
(2111, 2656),
(2111, 2643),
(2111, 2251),
(2111, 2653),
(2111, 2243),
(2111, 2068),
(2111, 2884),
(2111, 2366),
(2111, 2178),
(2111, 2059),
(2111, 2647),
(2111, 2295),
(2111, 2874),
(2112, 2042),
(2112, 2786),
(2112, 2618),
(2112, 2878),
(2112, 2243),
(2112, 2994),
(2112, 2653),
(2112, 2619),
(2112, 2248),
(2112, 2733),
(2112, 2348),
(2112, 2613),
(2113, 2144),
(2113, 2407),
(2113, 2854),
(2113, 2664),
(2113, 2397),
(2113, 2950),
(2113, 2702),
(2113, 2672),
(2113, 2701),
(2113, 2044),
(2113, 2448),
(2113, 2653),
(2113, 2878),
(2113, 2173),
(2113, 2774),
(2113, 2408),
(2113, 2700),
(2113, 2062),
(2114, 2647),
(2114, 2095),
(2114, 2107),
(2114, 2685),
(2114, 2629),
(2114, 2213),
(2114, 2397),
(2114, 2779),
(2114, 2922),
(2114, 2631),
(2114, 2092),
(2114, 2345),
(2114, 2245),
(2114, 2802),
(2114, 2358),
(2114, 2295),
(2114, 2532),
(2114, 2481),
(2114, 2155),
(2114, 2372),
(2115, 2121),
(2115, 2143),
(2115, 2513),
(2115, 2435),
(2115, 2473),
(2115, 2887),
(2115, 2256),
(2115, 2414),
(2115, 2736),
(2115, 2641),
(2115, 2322),
(2115, 2635),
(2115, 2152),
(2115, 2631),
(2115, 2580),
(2116, 2085),
(2116, 2861),
(2116, 2603),
(2116, 2771),
(2116, 2685),
(2116, 2415),
(2116, 2296),
(2116, 2704),
(2116, 2411),
(2116, 2491),
(2116, 2297),
(2116, 2648),
(2116, 2251),
(2116, 2133),
(2116, 2912),
(2116, 2880),
(2117, 2800),
(2117, 2568),
(2117, 2934),
(2117, 2571),
(2117, 2246),
(2117, 2851),
(2117, 2654),
(2117, 2650),
(2117, 2907),
(2117, 2745),
(2117, 2644),
(2118, 2415),
(2118, 2688),
(2118, 2739),
(2118, 2957),
(2118, 2448),
(2118, 2296),
(2118, 2392),
(2118, 2563),
(2118, 2239),
(2118, 2538),
(2118, 2472),
(2118, 2188),
(2119, 2397),
(2119, 2544),
(2119, 2980),
(2119, 2381),
(2119, 2076),
(2119, 2779),
(2119, 2877),
(2119, 2246),
(2119, 2146),
(2119, 2912),
(2119, 2009),
(2119, 2962),
(2119, 2276),
(2119, 2900),
(2119, 2392),
(2119, 2733),
(2119, 2334),
(2119, 2340),
(2119, 2603),
(2119, 2140),
(2119, 2628),
(2119, 2826),
(2119, 2269),
(2119, 2623),
(2119, 2072),
(2119, 2275),
(2120, 2494),
(2120, 2995),
(2120, 2076),
(2120, 2619),
(2120, 2029),
(2120, 2380),
(2120, 2559),
(2120, 2688),
(2120, 2357),
(2120, 2475),
(2121, 2322),
(2121, 2205),
(2121, 2178),
(2121, 2355),
(2121, 2392),
(2121, 2474),
(2121, 2603),
(2121, 2007),
(2121, 2138),
(2121, 2896),
(2121, 2802),
(2121, 2359),
(2121, 2653),
(2121, 2888),
(2121, 2408),
(2121, 2664),
(2121, 2121),
(2121, 2482),
(2121, 2144),
(2121, 2704),
(2121, 2306),
(2121, 2065),
(2121, 2268),
(2121, 2009),
(2121, 2685),
(2121, 2414),
(2121, 2384),
(2121, 2771),
(2121, 2698),
(2122, 2056),
(2122, 2888),
(2122, 2762),
(2122, 2535),
(2122, 2967),
(2122, 2934),
(2122, 2374),
(2122, 2483),
(2122, 2826),
(2122, 2964),
(2122, 2006),
(2122, 2083),
(2122, 2435),
(2122, 2094),
(2122, 2366),
(2122, 2605),
(2122, 2359),
(2122, 2770),
(2122, 2436),
(2122, 2759),
(2123, 2473),
(2123, 2356),
(2123, 2973),
(2123, 2539),
(2123, 2238),
(2123, 2664),
(2123, 2056),
(2123, 2380),
(2123, 2089),
(2123, 2465),
(2123, 2861),
(2124, 2228),
(2124, 2458),
(2124, 2414),
(2124, 2255),
(2124, 2137),
(2124, 2152),
(2124, 2836),
(2124, 2533),
(2124, 2435),
(2124, 2781),
(2124, 2059),
(2124, 2116),
(2124, 2714),
(2124, 2347),
(2124, 2954),
(2124, 2641),
(2124, 2306),
(2124, 2679),
(2124, 2870),
(2124, 2417),
(2124, 2568),
(2124, 2750),
(2124, 2251),
(2124, 2155),
(2125, 2953),
(2125, 2299),
(2125, 2614),
(2125, 2701),
(2125, 2345),
(2125, 2138),
(2125, 2504),
(2125, 2922),
(2125, 2142),
(2125, 2994),
(2125, 2034),
(2126, 2738),
(2126, 2926),
(2126, 2626),
(2126, 2896),
(2126, 2766),
(2126, 2299),
(2126, 2102),
(2126, 2116),
(2126, 2786),
(2126, 2290),
(2126, 2229),
(2126, 2530),
(2126, 2513),
(2127, 2914),
(2127, 2425),
(2127, 2202),
(2127, 2880),
(2127, 2785),
(2127, 2092),
(2127, 2121),
(2127, 2583),
(2127, 2626),
(2127, 2448),
(2127, 2107),
(2127, 2752),
(2127, 2286),
(2127, 2657),
(2127, 2484),
(2127, 2143),
(2127, 2815),
(2128, 2290),
(2128, 2026),
(2128, 2648),
(2128, 2954),
(2128, 2605),
(2128, 2851),
(2128, 2239),
(2128, 2534),
(2128, 2762),
(2128, 2767),
(2128, 2293),
(2128, 2583),
(2128, 2474),
(2128, 2202),
(2128, 2785),
(2128, 2147),
(2128, 2431),
(2128, 2197),
(2128, 2015),
(2128, 2062),
(2128, 2370),
(2128, 2296),
(2128, 2654),
(2128, 2571),
(2128, 2668),
(2128, 2095),
(2128, 2158),
(2128, 2443),
(2128, 2484),
(2129, 2339),
(2129, 2042),
(2129, 2672),
(2129, 2580),
(2129, 2611),
(2129, 2610),
(2129, 2885),
(2129, 2492),
(2129, 2144),
(2129, 2950),
(2129, 2486),
(2129, 2101),
(2129, 2640),
(2129, 2616),
(2129, 2247),
(2129, 2012),
(2129, 2702),
(2130, 2372),
(2130, 2991),
(2130, 2504),
(2130, 2643),
(2130, 2029),
(2130, 2794),
(2130, 2474),
(2130, 2585),
(2130, 2571),
(2130, 2094),
(2130, 2957),
(2130, 2884),
(2130, 2908),
(2131, 2914),
(2131, 2618),
(2131, 2300),
(2131, 2308),
(2131, 2771),
(2131, 2362),
(2131, 2076),
(2131, 2149),
(2131, 2431),
(2131, 2381),
(2131, 2313),
(2131, 2101),
(2131, 2397),
(2131, 2229),
(2131, 2624),
(2131, 2963),
(2131, 2367),
(2131, 2405),
(2131, 2206),
(2131, 2407),
(2131, 2421),
(2131, 2060),
(2131, 2950),
(2131, 2109),
(2131, 2094),
(2131, 2396),
(2132, 2062),
(2132, 2230),
(2132, 2270),
(2132, 2705),
(2132, 2888),
(2132, 2567),
(2132, 2195),
(2132, 2699),
(2132, 2672),
(2132, 2426),
(2132, 2604),
(2132, 2539),
(2132, 2069),
(2132, 2149),
(2132, 2780),
(2132, 2823),
(2132, 2405),
(2133, 2350),
(2133, 2662),
(2133, 2950),
(2133, 2714),
(2133, 2486),
(2133, 2414),
(2133, 2152),
(2133, 2613),
(2133, 2851),
(2133, 2521),
(2133, 2678),
(2133, 2339),
(2133, 2050),
(2133, 2367),
(2133, 2953),
(2133, 2672),
(2133, 2532),
(2133, 2447),
(2133, 2689),
(2133, 2286),
(2133, 2522),
(2134, 2763),
(2134, 2967),
(2134, 2083),
(2134, 2424),
(2134, 2563),
(2134, 2182),
(2134, 2629),
(2134, 2348),
(2134, 2926),
(2134, 2179),
(2134, 2699),
(2134, 2888),
(2134, 2362),
(2134, 2078),
(2134, 2912),
(2134, 2121),
(2134, 2328),
(2134, 2192),
(2134, 2896),
(2134, 2443),
(2135, 2428),
(2135, 2007),
(2135, 2256),
(2135, 2235),
(2135, 2763),
(2135, 2900),
(2135, 2102),
(2135, 2832),
(2135, 2136),
(2135, 2619),
(2135, 2072),
(2135, 2350),
(2135, 2934),
(2135, 2865),
(2135, 2781),
(2135, 2125),
(2135, 2662),
(2136, 2756),
(2136, 2135),
(2136, 2518),
(2136, 2804),
(2136, 2362),
(2136, 2585),
(2136, 2402),
(2136, 2242),
(2136, 2034),
(2136, 2861),
(2136, 2763),
(2136, 2270),
(2136, 2767),
(2136, 2544),
(2136, 2583),
(2137, 2344),
(2137, 2078),
(2137, 2813),
(2137, 2626),
(2137, 2405),
(2137, 2036),
(2137, 2056),
(2137, 2320),
(2137, 2926),
(2137, 2097),
(2137, 2702),
(2137, 2015),
(2137, 2009),
(2137, 2805),
(2137, 2991),
(2137, 2962),
(2137, 2521),
(2137, 2081),
(2138, 2824),
(2138, 2484),
(2138, 2205),
(2138, 2317),
(2138, 2248),
(2138, 2580),
(2138, 2920),
(2138, 2650),
(2138, 2912),
(2138, 2143),
(2138, 2718),
(2138, 2495),
(2138, 2770),
(2138, 2447),
(2138, 2392),
(2138, 2980),
(2138, 2832),
(2138, 2505),
(2138, 2785),
(2138, 2953),
(2138, 2568),
(2138, 2434),
(2138, 2949),
(2138, 2213),
(2139, 2143),
(2139, 2579),
(2139, 2611),
(2139, 2934),
(2139, 2245),
(2139, 2357),
(2139, 2424),
(2139, 2173),
(2139, 2962),
(2139, 2635),
(2139, 2883),
(2139, 2674),
(2140, 2370),
(2140, 2262),
(2140, 2973),
(2140, 2994),
(2140, 2896),
(2140, 2421),
(2140, 2969),
(2140, 2799),
(2140, 2012),
(2140, 2347),
(2140, 2863),
(2141, 2603),
(2141, 2132),
(2141, 2442),
(2141, 2908),
(2141, 2007),
(2141, 2887),
(2141, 2159),
(2141, 2995),
(2141, 2448),
(2141, 2532),
(2141, 2583),
(2141, 2779),
(2141, 2200),
(2141, 2421),
(2142, 2544),
(2142, 2626),
(2142, 2159),
(2142, 2004),
(2142, 2158),
(2142, 2505),
(2142, 2483),
(2142, 2704),
(2142, 2426),
(2142, 2125),
(2143, 2883),
(2143, 2435),
(2143, 2887),
(2143, 2608),
(2143, 2467),
(2143, 2065),
(2143, 2155),
(2143, 2779),
(2143, 2211),
(2143, 2999),
(2143, 2094),
(2143, 2823),
(2143, 2770),
(2143, 2239),
(2143, 2878),
(2143, 2193),
(2143, 2491),
(2143, 2763),
(2143, 2417),
(2143, 2532),
(2143, 2533),
(2144, 2396),
(2144, 2030),
(2144, 2618),
(2144, 2069),
(2144, 2346),
(2144, 2589),
(2144, 2313),
(2144, 2467),
(2144, 2362),
(2144, 2603),
(2144, 2949),
(2144, 2424),
(2144, 2647),
(2144, 2411),
(2144, 2705),
(2144, 2963),
(2144, 2957),
(2145, 2009),
(2145, 2766),
(2145, 2995),
(2145, 2439),
(2145, 2458),
(2145, 2559),
(2145, 2425),
(2145, 2254),
(2145, 2062),
(2145, 2883),
(2145, 2397),
(2145, 2539),
(2145, 2366),
(2145, 2473),
(2145, 2004),
(2145, 2050),
(2145, 2338),
(2145, 2626),
(2145, 2188),
(2145, 2637),
(2145, 2919),
(2145, 2654),
(2146, 2338),
(2146, 2618),
(2146, 2402),
(2146, 2229),
(2146, 2132),
(2146, 2275),
(2146, 2538),
(2146, 2702),
(2146, 2605),
(2146, 2530),
(2146, 2518),
(2146, 2640),
(2146, 2397),
(2146, 2999),
(2146, 2908),
(2146, 2193),
(2146, 2804),
(2146, 2780),
(2146, 2753),
(2146, 2786),
(2146, 2068),
(2147, 2946),
(2147, 2964),
(2147, 2229),
(2147, 2492),
(2147, 2954),
(2147, 2969),
(2147, 2196),
(2147, 2738),
(2147, 2700),
(2147, 2714),
(2147, 2300),
(2147, 2513),
(2147, 2640),
(2147, 2158),
(2147, 2695),
(2147, 2107),
(2147, 2508),
(2147, 2078),
(2147, 2862),
(2147, 2730),
(2147, 2436),
(2147, 2299),
(2147, 2688),
(2147, 2647),
(2147, 2571),
(2147, 2072),
(2147, 2384),
(2148, 2781),
(2148, 2339),
(2148, 2491),
(2148, 2888),
(2148, 2442),
(2148, 2101),
(2148, 2060),
(2148, 2678),
(2148, 2397),
(2148, 2313),
(2148, 2713),
(2148, 2242),
(2148, 2648),
(2148, 2861),
(2148, 2934),
(2148, 2270),
(2149, 2770),
(2149, 2799),
(2149, 2736),
(2149, 2922),
(2149, 2631),
(2149, 2011),
(2149, 2327),
(2149, 2328),
(2149, 2205),
(2149, 2256),
(2149, 2034),
(2149, 2791),
(2149, 2196),
(2149, 2474),
(2149, 2015),
(2149, 2020),
(2149, 2313),
(2149, 2483),
(2149, 2702),
(2149, 2521),
(2149, 2750),
(2149, 2355),
(2149, 2874),
(2150, 2513),
(2150, 2256),
(2150, 2472),
(2150, 2718),
(2150, 2643),
(2150, 2262),
(2150, 2434),
(2150, 2243),
(2150, 2619),
(2150, 2417),
(2150, 2177),
(2150, 2255),
(2150, 2571),
(2150, 2213),
(2150, 2544),
(2150, 2604),
(2151, 2026),
(2151, 2739),
(2151, 2980),
(2151, 2239),
(2151, 2060),
(2151, 2016),
(2151, 2173),
(2151, 2230),
(2151, 2934),
(2151, 2648),
(2151, 2688),
(2151, 2345),
(2151, 2050),
(2151, 2144),
(2151, 2056),
(2151, 2308),
(2151, 2629),
(2151, 2152),
(2151, 2294),
(2151, 2339),
(2151, 2623),
(2151, 2889),
(2151, 2922),
(2151, 2102),
(2151, 2585),
(2152, 2370),
(2152, 2381),
(2152, 2643),
(2152, 2612),
(2152, 2015),
(2152, 2339),
(2152, 2874),
(2152, 2736),
(2152, 2553),
(2152, 2699),
(2152, 2848),
(2152, 2433),
(2152, 2275),
(2152, 2408),
(2152, 2312),
(2152, 2211),
(2152, 2188),
(2152, 2610),
(2153, 2650),
(2153, 2567),
(2153, 2228),
(2153, 2011),
(2153, 2338),
(2153, 2540),
(2153, 2862),
(2153, 2502),
(2153, 2585),
(2153, 2193),
(2153, 2765),
(2153, 2926),
(2153, 2262),
(2153, 2603),
(2153, 2242),
(2153, 2833),
(2153, 2847),
(2153, 2029),
(2153, 2679),
(2153, 2078),
(2153, 2176),
(2153, 2348),
(2153, 2532),
(2153, 2436),
(2153, 2689),
(2153, 2522),
(2154, 2492),
(2154, 2407),
(2154, 2505),
(2154, 2003),
(2154, 2246),
(2154, 2530),
(2154, 2953),
(2154, 2862),
(2154, 2647),
(2154, 2736),
(2154, 2771),
(2154, 2932),
(2154, 2339),
(2154, 2238),
(2154, 2473),
(2154, 2065),
(2154, 2777),
(2154, 2957),
(2154, 2654),
(2154, 2836),
(2155, 2771),
(2155, 2068),
(2155, 2654),
(2155, 2089),
(2155, 2009),
(2155, 2963),
(2155, 2405),
(2155, 2366),
(2155, 2873),
(2155, 2689),
(2156, 2042),
(2156, 2026),
(2156, 2644),
(2156, 2953),
(2156, 2579),
(2156, 2010),
(2156, 2326),
(2156, 2810),
(2156, 2293),
(2156, 2317),
(2157, 2518),
(2157, 2539),
(2157, 2538),
(2157, 2210),
(2157, 2457),
(2157, 2530),
(2157, 2205),
(2157, 2836),
(2157, 2888),
(2157, 2934),
(2157, 2159),
(2157, 2641),
(2157, 2068),
(2157, 2559),
(2157, 2004),
(2157, 2019),
(2157, 2178),
(2157, 2428),
(2157, 2384),
(2158, 2327),
(2158, 2270),
(2158, 2255),
(2158, 2832),
(2158, 2484),
(2158, 2425),
(2158, 2538),
(2158, 2213),
(2158, 2357),
(2158, 2334),
(2158, 2612),
(2158, 2177),
(2158, 2097),
(2158, 2861),
(2158, 2280),
(2158, 2887),
(2158, 2579),
(2158, 2295),
(2159, 2794),
(2159, 2022),
(2159, 2006),
(2159, 2467),
(2159, 2781),
(2159, 2159),
(2159, 2991),
(2159, 2631),
(2159, 2280),
(2159, 2527),
(2159, 2269),
(2159, 2473),
(2159, 2532),
(2159, 2239),
(2159, 2530),
(2159, 2878),
(2159, 2786),
(2159, 2132),
(2159, 2824),
(2159, 2626),
(2159, 2702),
(2159, 2624),
(2159, 2533),
(2159, 2296),
(2159, 2247),
(2159, 2295),
(2159, 2780);